order_id,order_date,customer_id,customer_name,customer_age,gender,city,state,region,product_id,product_name,category,unit_price_inr,quantity,discount_pct,shipping_fee_inr,payment_method,acquisition_channel,order_status,rating,delivery_days,revenue_inr,order_month
ORD-00001,2025-10-14,CUS-0464,Customer 464,42.0,Female,Delhi,Delhi,North,HOM-202,LED Desk Lamp,Home & Living,999,3.0,0.0,79,UPI,Paid Search,Delivered,3.0,1.0,3076.0,2025-10
ORD-00002,2024-11-21,CUS-0109,Customer 109,20.0,Non-binary,Jaipur,Rajasthan,North,FAS-302,Running Shoes,Fashion,2599,4.0,0.15,49,UPI,Referral,Returned,,,8885.6,2024-11
ORD-00003,2024-12-07,CUS-0216,Customer 216,48.0,Male,Kolkata,West Bengal,East,ELE-102,Bluetooth Speaker,Electronics,1899,1.0,0.2,49,Wallet,Social Media,Delivered,5.0,6.0,1568.2,2024-12
ORD-00004,2025-02-01,CUS-0310,Customer 310,45.0,Male,Chennai,Tamil Nadu,South,ELE-101,Wireless Headphones,Electronics,2499,3.0,0.1,99,Debit Card,Organic Search,Returned,,,6846.3,2025-02
ORD-00005,2024-09-12,CUS-0466,Customer 466,19.0,Female,Bhubaneswar,Odisha,East,FAS-302,Running Shoes,Fashion,2599,4.0,0.15,0,Credit Card,Email,Cancelled,,,8836.6,2024-09
ORD-00006,2024-02-20,CUS-0031,Customer 31,47.0,Female,Bengaluru,Karnataka,South,GRO-501,Coffee Beans,Grocery,549,3.0,0.15,79,Debit Card,Paid Search,Delivered,5.0,6.0,1478.95,2024-02
ORD-00007,2025-08-29,CUS-0495,Customer 495,58.0,Non-binary,Pune,Maharashtra,West,HOM-201,Cotton Bedsheet,Home & Living,1199,2.0,0.0,79,Credit Card,Email,Delivered,4.0,4.0,2477.0,2025-08
ORD-00008,2025-10-22,CUS-0192,Customer 192,46.0,Male,Kolkata,West Bengal,East,HOM-202,LED Desk Lamp,Home & Living,999,1.0,0.0,99,Wallet,Organic Search,Delivered,4.0,2.0,1098.0,2025-10
ORD-00009,2025-08-09,CUS-0405,Customer 405,65.0,Male,Jaipur,Rajasthan,North,ELE-102,Bluetooth Speaker,Electronics,1899,3.0,0.0,99,Credit Card,Direct,Returned,,,5796.0,2025-08
ORD-00010,2024-02-11,CUS-0047,Customer 47,49.0,Male,Bengaluru,Karnataka,South,ELE-101,Wireless Headphones,Electronics,2499,2.0,0.0,0,UPI,Social Media,Cancelled,,,4998.0,2024-02
ORD-00011,2024-05-31,CUS-0481,Customer 481,19.0,Female,Hyderabad,Telangana,South,ELE-103,Smart Watch,Electronics,4299,3.0,0.15,49,Credit Card,Referral,Delivered,5.0,8.0,11011.449999999999,2024-05
ORD-00012,2025-07-02,CUS-0071,Customer 71,18.0,Non-binary,Delhi,Delhi,North,FAS-301,Casual T-Shirt,Fashion,799,2.0,0.0,99,Credit Card,Email,Delivered,5.0,7.0,1697.0,2025-07
ORD-00013,2024-01-28,CUS-0380,Customer 380,22.0,Female,Bhubaneswar,Odisha,East,FAS-301,Casual T-Shirt,Fashion,799,1.0,0.05,99,Credit Card,Paid Search,Delivered,4.0,7.0,858.05,2024-01
ORD-00014,2024-05-04,CUS-0125,Customer 125,24.0,Male,Kolkata,West Bengal,East,FAS-302,Running Shoes,Fashion,2599,4.0,0.0,0,UPI,Direct,Delivered,3.0,5.0,10396.0,2024-05
ORD-00015,2024-07-26,CUS-0114,Customer 114,55.0,Male,Hyderabad,Telangana,South,ELE-102,Bluetooth Speaker,Electronics,1899,3.0,0.2,99,Wallet,Organic Search,Returned,,,4656.6,2024-07
ORD-00016,2025-05-07,CUS-0123,Customer 123,32.0,Female,Bhubaneswar,Odisha,East,FAS-303,Backpack,Fashion,1499,2.0,0.0,79,Wallet,Paid Search,Delivered,3.0,5.0,3077.0,2025-05
ORD-00017,2025-01-12,CUS-0416,Customer 416,31.0,Female,Bengaluru,Maharashtra,West,BEA-401,Skin Care Kit,Beauty,1299,2.0,0.1,79,Credit Card,Referral,Delivered,3.0,4.0,2417.2000000000003,2025-01
ORD-00018,2024-11-18,CUS-0361,Customer 361,62.0,Male,Pune,Maharashtra,West,BEA-401,Skin Care Kit,Beauty,1299,4.0,0.05,99,Credit Card,Paid Search,Returned,,,5035.2,2024-11
ORD-00019,2024-03-03,CUS-0415,Customer 415,42.0,Female,Mumbai,Maharashtra,West,ELE-103,Smart Watch,Electronics,4299,3.0,0.0,79,Cash on Delivery,Paid Search,Delivered,5.0,3.0,12976.0,2024-03
ORD-00020,2025-01-28,CUS-0174,Customer 174,49.0,Male,Jaipur,Rajasthan,North,BEA-401,Skin Care Kit,Beauty,1299,3.0,0.1,0,Debit Card,Social Media,Delivered,4.0,1.0,3507.3,2025-01
ORD-00021,2024-08-03,CUS-0069,Customer 69,61.0,Male,Bengaluru,Karnataka,South,ELE-101,Wireless Headphones,Electronics,2499,3.0,0.0,49,Credit Card,Social Media,Delivered,4.0,4.0,7546.0,2024-08
ORD-00022,2024-05-10,CUS-0019,Customer 19,32.0,Female,Pune,Maharashtra,West,HOM-203,Storage Organizer,Home & Living,699,2.0,0.1,99,UPI,Email,Delivered,3.0,6.0,1357.2,2024-05
ORD-00023,2025-06-23,CUS-0330,Customer 330,40.0,Female,Delhi,Delhi,North,ELE-102,Bluetooth Speaker,Electronics,1899,1.0,0.05,79,Debit Card,Referral,Returned,,,1883.05,2025-06
ORD-00024,2025-05-08,CUS-0486,Customer 486,41.0,Non-binary,Hyderabad,Telangana,South,HOM-201,Cotton Bedsheet,Home & Living,1199,1.0,0.2,0,Wallet,Email,Delivered,3.0,7.0,959.2,2025-05
ORD-00025,2024-09-14,CUS-0125,Customer 125,40.0,Female,Hyderabad,Telangana,South,HOM-202,LED Desk Lamp,Home & Living,999,3.0,0.1,79,Credit Card,Organic Search,Returned,,,2776.3,2024-09
ORD-00026,2024-07-12,CUS-0069,Customer 69,34.0,Female,Delhi,Delhi,North,GRO-501,Coffee Beans,Grocery,549,2.0,0.2,49,UPI,Social Media,Returned,,,927.4000000000001,2024-07
ORD-00027,2025-05-17,CUS-0356,Customer 356,57.0,Non-binary,Bengaluru,Karnataka,South,FAS-303,Backpack,Fashion,1499,2.0,0.1,0,Wallet,Referral,Delivered,3.0,3.0,2698.2000000000003,2025-05
ORD-00028,2025-04-13,CUS-0154,Customer 154,30.0,Non-binary,Kolkata,West Bengal,East,FAS-301,Casual T-Shirt,Fashion,799,1.0,0.05,99,UPI,Social Media,Delivered,3.0,1.0,858.05,2025-04
ORD-00029,2025-11-05,CUS-0288,Customer 288,18.0,Female,Mumbai,Maharashtra,West,FAS-301,Casual T-Shirt,Fashion,799,3.0,0.0,0,UPI,Paid Search,Delivered,5.0,1.0,2397.0,2025-11
ORD-00030,2024-11-14,CUS-0372,Customer 372,20.0,Male,Hyderabad,Telangana,South,FAS-303,Backpack,Fashion,1499,4.0,0.0,0,Cash on Delivery,Social Media,Delivered,3.0,5.0,5996.0,2024-11
ORD-00031,2024-07-04,CUS-0013,Customer 13,23.0,Female,Bengaluru,Karnataka,South,ELE-103,Smart Watch,Electronics,4299,2.0,0.0,49,Debit Card,Social Media,Delivered,5.0,2.0,8647.0,2024-07
ORD-00032,2025-09-19,CUS-0463,Customer 463,38.0,Non-binary,Kolkata,West Bengal,East,HOM-203,Storage Organizer,Home & Living,699,1.0,0.15,79,Wallet,Paid Search,Delivered,5.0,6.0,673.15,2025-09
ORD-00033,2025-10-19,CUS-0069,Customer 69,43.0,Male,Mumbai,Maharashtra,West,GRO-501,Coffee Beans,Grocery,549,3.0,0.0,0,Debit Card,Organic Search,Cancelled,,,1647.0,2025-10
ORD-00034,2024-02-10,CUS-0350,Customer 350,25.0,Female,Jaipur,Rajasthan,North,FAS-302,Running Shoes,Fashion,2599,4.0,0.15,49,Cash on Delivery,Organic Search,Delivered,3.0,2.0,8885.6,2024-02
ORD-00035,2025-05-30,CUS-0261,Customer 261,33.0,Non-binary,Mumbai,Maharashtra,West,ELE-101,Wireless Headphones,Electronics,2499,4.0,0.05,49,UPI,Email,Delivered,3.0,4.0,9545.199999999999,2025-05
ORD-00036,2025-03-02,CUS-0064,Customer 64,41.0,Non-binary,Kolkata,West Bengal,East,GRO-501,Coffee Beans,Grocery,549,2.0,0.15,79,UPI,Organic Search,Delivered,3.0,4.0,1012.3,2025-03
ORD-00037,2025-05-17,CUS-0340,Customer 340,24.0,Non-binary,Bengaluru,Karnataka,South,BEA-402,Hair Dryer,Beauty,1799,2.0,0.05,0,Debit Card,Social Media,Cancelled,,,3418.1,2025-05
ORD-00038,2024-03-13,CUS-0345,Customer 345,32.0,Female,Bhubaneswar,Odisha,East,ELE-101,Wireless Headphones,Electronics,2499,1.0,0.1,99,Cash on Delivery,Email,Delivered,3.0,3.0,2348.1,2024-03
ORD-00039,2024-04-15,CUS-0457,Customer 457,20.0,Non-binary,Hyderabad,Telangana,South,FAS-303,Backpack,Fashion,1499,2.0,0.0,49,Credit Card,Email,Returned,,,3047.0,2024-04
ORD-00040,2025-01-26,CUS-0383,Customer 383,56.0,Female,Pune,Maharashtra,West,ELE-103,Smart Watch,Electronics,4299,3.0,0.0,99,Wallet,Social Media,Delivered,5.0,8.0,12996.0,2025-01
ORD-00041,2024-04-09,CUS-0008,Customer 8,40.0,Non-binary,Pune,Maharashtra,West,BEA-402,Hair Dryer,Beauty,1799,2.0,0.1,0,Wallet,Direct,Delivered,3.0,5.0,3238.2000000000003,2024-04
ORD-00042,2024-06-18,CUS-0283,Customer 283,51.0,Female,Chennai,Tamil Nadu,South,ELE-103,Smart Watch,Electronics,4299,2.0,0.2,49,Debit Card,Paid Search,Returned,,,6927.400000000001,2024-06
ORD-00043,2025-02-14,CUS-0459,Customer 459,58.0,Non-binary,Bengaluru,Karnataka,South,GRO-501,Coffee Beans,Grocery,549,1.0,0.15,49,Debit Card,Social Media,Delivered,3.0,1.0,515.65,2025-02
ORD-00044,2024-07-30,CUS-0472,Customer 472,65.0,Female,Pune,Maharashtra,West,ELE-102,Bluetooth Speaker,Electronics,1899,4.0,0.2,79,Debit Card,Referral,Delivered,4.0,3.0,6155.8,2024-07
ORD-00045,2024-03-28,CUS-0079,Customer 79,18.0,Non-binary,Chennai,Tamil Nadu,South,BEA-402,Hair Dryer,Beauty,1799,3.0,0.2,0,UPI,Organic Search,Returned,,,4317.6,2024-03
ORD-00046,2025-04-06,CUS-0299,Customer 299,55.0,Female,Delhi,Delhi,North,BEA-402,Hair Dryer,Beauty,1799,3.0,0.0,79,UPI,Direct,Delivered,3.0,2.0,5476.0,2025-04
ORD-00047,2025-06-24,CUS-0212,Customer 212,55.0,Non-binary,Kolkata,West Bengal,East,HOM-203,Storage Organizer,Home & Living,699,2.0,0.0,79,Credit Card,Organic Search,Delivered,4.0,4.0,1477.0,2025-06
ORD-00048,2024-08-25,CUS-0230,Customer 230,38.0,Non-binary,Pune,Maharashtra,West,GRO-501,Coffee Beans,Grocery,549,2.0,0.0,99,Credit Card,Email,Delivered,4.0,6.0,1197.0,2024-08
ORD-00049,2024-02-14,CUS-0267,Customer 267,57.0,Non-binary,Chennai,Tamil Nadu,South,HOM-201,Cotton Bedsheet,Home & Living,1199,2.0,0.0,79,UPI,Referral,Delivered,3.0,3.0,2477.0,2024-02
ORD-00050,2024-04-09,CUS-0067,Customer 67,54.0,Female,Bhubaneswar,Odisha,East,HOM-203,Storage Organizer,Home & Living,699,1.0,0.1,0,UPI,Referral,Cancelled,,,629.1,2024-04
ORD-00051,2024-05-16,CUS-0031,Customer 31,37.0,Male,Bengaluru,Karnataka,South,HOM-201,Cotton Bedsheet,Home & Living,1199,2.0,0.2,0,UPI,Direct,Delivered,5.0,2.0,1918.4,2024-05
ORD-00052,2024-10-16,CUS-0469,Customer 469,48.0,Female,Pune,Maharashtra,West,HOM-201,Cotton Bedsheet,Home & Living,1199,3.0,0.15,49,UPI,Referral,Delivered,3.0,7.0,3106.45,2024-10
ORD-00053,2025-10-01,CUS-0493,Customer 493,46.0,Female,Pune,Maharashtra,West,FAS-303,Backpack,Electronics,1499,1.0,0.15,99,UPI,Direct,Delivered,3.0,6.0,1373.1499999999999,2025-10
ORD-00054,2024-02-19,CUS-0442,Customer 442,23.0,Non-binary,Chennai,Tamil Nadu,South,GRO-501,Coffee Beans,Grocery,549,1.0,0.0,0,Cash on Delivery,Direct,Delivered,3.0,3.0,549.0,2024-02
ORD-00055,2024-01-16,CUS-0410,Customer 410,46.0,Non-binary,Bengaluru,Karnataka,South,HOM-201,Cotton Bedsheet,Home & Living,1199,1.0,0.2,0,Credit Card,Social Media,Delivered,3.0,2.0,959.2,2024-01
ORD-00056,2025-09-19,CUS-0168,Customer 168,64.0,Non-binary,Hyderabad,Telangana,South,FAS-301,Casual T-Shirt,Fashion,799,2.0,0.15,0,Cash on Delivery,Direct,Delivered,4.0,7.0,1358.3,2025-09
ORD-00057,2025-04-15,CUS-0504,Customer 504,64.0,Non-binary,Mumbai,Maharashtra,West,BEA-401,Skin Care Kit,Beauty,1299,4.0,0.05,99,Credit Card,Referral,Delivered,5.0,5.0,5035.2,2025-04
ORD-00058,2025-05-18,CUS-0283,Customer 283,43.0,Female,Bengaluru,Karnataka,South,BEA-401,Skin Care Kit,Beauty,1299,3.0,0.2,49,Cash on Delivery,Email,Delivered,3.0,3.0,3166.6000000000004,2025-05
ORD-00059,2025-09-30,CUS-0204,Customer 204,61.0,Female,Kolkata,West Bengal,East,HOM-203,Storage Organizer,Home & Living,699,3.0,0.1,0,UPI,Email,Cancelled,,,1887.3,2025-09
ORD-00060,2025-01-04,CUS-0160,Customer 160,52.0,Non-binary,Hyderabad,Telangana,South,FAS-303,Backpack,Fashion,1499,1.0,0.0,49,Credit Card,Direct,Delivered,4.0,8.0,1548.0,2025-01
ORD-00061,2025-12-21,CUS-0060,Customer 60,49.0,Female,Bhubaneswar,Odisha,East,ELE-101,Wireless Headphones,Electronics,2499,1.0,0.2,0,Credit Card,Paid Search,Delivered,3.0,4.0,1999.2,2025-12
ORD-00062,2025-02-24,CUS-0245,Customer 245,56.0,Female,Chennai,Tamil Nadu,South,GRO-501,Coffee Beans,Grocery,549,3.0,0.1,99,Debit Card,Direct,Delivered,3.0,3.0,1581.3,2025-02
ORD-00063,2025-04-04,CUS-0166,Customer 166,19.0,Non-binary,Mumbai,Maharashtra,West,BEA-402,Hair Dryer,Beauty,1799,1.0,0.05,99,Debit Card,Social Media,Delivered,4.0,5.0,1808.05,2025-04
ORD-00064,2025-02-23,CUS-0023,Customer 23,44.0,Female,Jaipur,Rajasthan,North,BEA-401,Skin Care Kit,Beauty,1299,1.0,0.0,79,Wallet,Direct,Delivered,3.0,2.0,1378.0,2025-02
ORD-00065,2024-12-01,CUS-0236,Customer 236,31.0,Female,Hyderabad,Telangana,South,HOM-201,Cotton Bedsheet,Home & Living,1199,2.0,0.0,99,UPI,Paid Search,Delivered,4.0,3.0,2497.0,2024-12
ORD-00066,2024-01-16,CUS-0251,Customer 251,32.0,Non-binary,Hyderabad,Telangana,South,FAS-301,Casual T-Shirt,Fashion,799,4.0,0.0,49,Cash on Delivery,Email,Delivered,4.0,6.0,3245.0,2024-01
ORD-00067,2025-06-09,CUS-0178,Customer 178,25.0,Male,Chennai,Tamil Nadu,South,FAS-303,Backpack,Fashion,1499,1.0,0.0,0,UPI,Paid Search,Cancelled,,,1499.0,2025-06
ORD-00068,2025-03-05,CUS-0292,Customer 292,24.0,Female,Mumbai,Maharashtra,West,ELE-101,Wireless Headphones,Electronics,2499,2.0,0.05,0,UPI,Referral,Returned,,,4748.099999999999,2025-03
ORD-00069,2025-05-08,CUS-0459,Customer 459,31.0,Male,Kolkata,West Bengal,East,GRO-501,Coffee Beans,Grocery,549,1.0,0.2,49,UPI,Organic Search,Delivered,4.0,2.0,488.20000000000005,2025-05
ORD-00070,2024-07-08,CUS-0353,Customer 353,34.0,Male,Pune,Maharashtra,West,ELE-101,Wireless Headphones,Electronics,2499,2.0,0.0,99,Wallet,Direct,Returned,,,5097.0,2024-07
ORD-00071,2025-03-20,CUS-0080,Customer 80,55.0,Female,Pune,Maharashtra,West,HOM-203,Storage Organizer,Home & Living,699,3.0,0.15,0,Cash on Delivery,Paid Search,Cancelled,,,1782.45,2025-03
ORD-00072,2024-01-19,CUS-0156,Customer 156,41.0,Non-binary,Mumbai,Maharashtra,West,FAS-303,Backpack,Fashion,1499,1.0,0.15,0,Wallet,Paid Search,Returned,,,1274.1499999999999,2024-01
ORD-00073,2025-08-11,CUS-0259,Customer 259,48.0,Female,Mumbai,Maharashtra,West,HOM-203,Storage Organizer,Home & Living,699,1.0,0.0,0,Wallet,Social Media,Delivered,4.0,4.0,699.0,2025-08
ORD-00074,2024-06-28,CUS-0384,Customer 384,44.0,Female,Chennai,Tamil Nadu,South,HOM-202,LED Desk Lamp,Home & Living,999,4.0,0.05,79,Credit Card,Organic Search,Delivered,5.0,1.0,3875.2,2024-06
ORD-00075,2024-06-26,CUS-0061,Customer 61,24.0,Male,Delhi,Delhi,North,ELE-102,Bluetooth Speaker,Electronics,1899,3.0,0.1,0,UPI,Social Media,Delivered,3.0,2.0,5127.3,2024-06
ORD-00076,2024-05-02,CUS-0093,Customer 93,35.0,Female,Jaipur,Rajasthan,North,FAS-303,Backpack,Fashion,1499,2.0,0.1,0,Debit Card,Paid Search,Delivered,3.0,3.0,2698.2000000000003,2024-05
ORD-00077,2025-05-19,CUS-0143,Customer 143,46.0,Female,Mumbai,Maharashtra,West,HOM-202,LED Desk Lamp,Home & Living,999,2.0,0.05,79,Wallet,Email,Delivered,4.0,3.0,1977.1,2025-05
ORD-00078,2025-01-19,CUS-0221,Customer 221,26.0,Male,Bengaluru,Karnataka,South,ELE-102,Bluetooth Speaker,Electronics,1899,2.0,0.1,0,Wallet,Email,Cancelled,,,3418.2000000000003,2025-01
ORD-00079,2025-02-12,CUS-0316,Customer 316,19.0,Non-binary,Hyderabad,Telangana,South,BEA-402,Hair Dryer,Beauty,1799,1.0,0.0,99,Wallet,Organic Search,Delivered,3.0,4.0,1898.0,2025-02
ORD-00080,2025-06-13,CUS-0492,Customer 492,52.0,Male,Mumbai,Maharashtra,West,FAS-303,Backpack,Fashion,1499,1.0,0.15,99,Cash on Delivery,Social Media,Delivered,3.0,5.0,1373.1499999999999,2025-06
ORD-00081,2025-09-01,CUS-0245,Customer 245,60.0,Non-binary,Jaipur,Rajasthan,North,BEA-401,Skin Care Kit,Beauty,1299,4.0,0.15,79,Wallet,Paid Search,Delivered,3.0,3.0,4495.599999999999,2025-09
ORD-00082,2024-08-18,CUS-0259,Customer 259,21.0,Female,Hyderabad,Telangana,South,BEA-401,Skin Care Kit,Beauty,1299,1.0,0.15,49,Wallet,Paid Search,Delivered,5.0,8.0,1153.1499999999999,2024-08
ORD-00083,2024-05-18,CUS-0266,Customer 266,55.0,Male,Bhubaneswar,Odisha,East,BEA-401,Skin Care Kit,Beauty,1299,4.0,0.15,0,Cash on Delivery,Email,Delivered,4.0,6.0,4416.599999999999,2024-05
ORD-00084,2024-03-15,CUS-0102,Customer 102,44.0,Female,Pune,Maharashtra,West,ELE-102,Bluetooth Speaker,Electronics,1899,2.0,0.1,0,Credit Card,Referral,Cancelled,,,3418.2000000000003,2024-03
ORD-00085,2025-10-12,CUS-0250,Customer 250,21.0,Male,Mumbai,Maharashtra,West,GRO-501,Coffee Beans,Grocery,549,2.0,0.0,0,Debit Card,Social Media,Delivered,5.0,1.0,1098.0,2025-10
ORD-00086,2025-11-24,CUS-0462,Customer 462,24.0,Male,Pune,Maharashtra,West,BEA-401,Skin Care Kit,Beauty,1299,3.0,0.05,99,Credit Card,Paid Search,Returned,,,3801.1499999999996,2025-11
ORD-00087,2024-08-16,CUS-0485,Customer 485,21.0,Female,Bhubaneswar,Odisha,East,HOM-202,LED Desk Lamp,Home & Living,999,3.0,0.1,49,Credit Card,Referral,Delivered,3.0,2.0,2746.3,2024-08
ORD-00088,2025-01-12,CUS-0493,Customer 493,30.0,Male,Chennai,Tamil Nadu,South,ELE-101,Wireless Headphones,Electronics,2499,2.0,0.0,49,UPI,Paid Search,Returned,,,5047.0,2025-01
ORD-00089,2025-01-08,CUS-0006,Customer 6,18.0,Male,Jaipur,Rajasthan,North,BEA-401,Skin Care Kit,Beauty,1299,1.0,0.15,99,UPI,Email,Delivered,4.0,3.0,1203.1499999999999,2025-01
ORD-00090,2025-11-12,CUS-0098,Customer 98,46.0,Non-binary,Delhi,Delhi,North,HOM-201,Cotton Bedsheet,Home & Living,1199,1.0,0.05,49,UPI,Paid Search,Delivered,5.0,2.0,1188.05,2025-11
ORD-00091,2024-12-29,CUS-0419,Customer 419,40.0,Male,Pune,Maharashtra,West,ELE-102,Bluetooth Speaker,Electronics,1899,1.0,0.2,99,Debit Card,Email,Delivered,5.0,2.0,1618.2,2024-12
ORD-00092,2025-03-05,CUS-0393,Customer 393,64.0,Female,Hyderabad,Telangana,South,ELE-103,Smart Watch,Electronics,4299,1.0,0.0,0,Cash on Delivery,Paid Search,Delivered,5.0,5.0,4299.0,2025-03
ORD-00093,2024-08-06,CUS-0178,Customer 178,55.0,Non-binary,Hyderabad,Telangana,South,BEA-401,Skin Care Kit,Beauty,1299,3.0,0.0,0,UPI,Referral,Returned,,,3897.0,2024-08
ORD-00094,2024-01-26,CUS-0158,Customer 158,35.0,Non-binary,Mumbai,Maharashtra,West,GRO-501,Coffee Beans,Grocery,549,2.0,0.15,0,UPI,Email,Delivered,5.0,2.0,933.3,2024-01
ORD-00095,2025-11-16,CUS-0386,Customer 386,64.0,Male,Chennai,Tamil Nadu,South,FAS-303,Backpack,Fashion,1499,3.0,0.15,0,Cash on Delivery,Social Media,Returned,,,3822.45,2025-11
ORD-00096,2025-08-08,CUS-0517,Customer 517,43.0,Non-binary,Jaipur,Rajasthan,North,ELE-103,Smart Watch,Electronics,4299,2.0,0.05,79,UPI,Direct,Delivered,5.0,8.0,8247.099999999999,2025-08
ORD-00097,2025-04-25,CUS-0360,Customer 360,56.0,Non-binary,Pune,Maharashtra,West,FAS-301,Casual T-Shirt,Fashion,799,1.0,0.0,49,Debit Card,Direct,Delivered,5.0,4.0,848.0,2025-04
ORD-00098,2025-01-28,CUS-0435,Customer 435,62.0,Non-binary,Jaipur,Rajasthan,North,HOM-201,Cotton Bedsheet,Home & Living,1199,4.0,0.2,0,Credit Card,Email,Cancelled,,,3836.8,2025-01
ORD-00099,2024-11-01,CUS-0179,Customer 179,24.0,Female,Delhi,Delhi,North,BEA-401,Skin Care Kit,Beauty,1299,3.0,0.1,49,Debit Card,Email,Delivered,5.0,2.0,3556.3,2024-11
ORD-00100,2024-06-17,CUS-0469,Customer 469,46.0,Male,Pune,Maharashtra,West,ELE-103,Smart Watch,Electronics,4299,4.0,0.2,0,UPI,Social Media,Cancelled,,,13756.800000000001,2024-06
ORD-00101,2025-12-07,CUS-0027,Customer 27,22.0,Female,Mumbai,Maharashtra,West,GRO-501,Coffee Beans,Grocery,549,2.0,0.0,0,Cash on Delivery,Email,Delivered,5.0,7.0,1098.0,2025-12
ORD-00102,2025-02-08,CUS-0078,Customer 78,40.0,Female,Delhi,Delhi,North,ELE-102,Bluetooth Speaker,Electronics,1899,1.0,0.1,49,Cash on Delivery,Paid Search,Delivered,4.0,4.0,1758.1000000000001,2025-02
ORD-00103,2024-04-03,CUS-0266,Customer 266,22.0,Non-binary,Bhubaneswar,Odisha,East,BEA-401,Skin Care Kit,Beauty,1299,4.0,0.1,49,Wallet,Organic Search,Delivered,4.0,2.0,4725.400000000001,2024-04
ORD-00104,2025-01-31,CUS-0227,Customer 227,53.0,Non-binary,Kolkata,West Bengal,East,ELE-101,Wireless Headphones,Electronics,2499,3.0,0.0,99,Wallet,Social Media,Delivered,4.0,6.0,7596.0,2025-01
ORD-00105,2024-11-08,CUS-0012,Customer 12,35.0,Non-binary,Pune,Maharashtra,West,FAS-301,Casual T-Shirt,Fashion,799,3.0,0.15,79,Wallet,Organic Search,Returned,,,2116.45,2024-11
ORD-00106,2024-07-21,CUS-0042,Customer 42,29.0,Male,Bengaluru,Karnataka,South,FAS-303,Backpack,Fashion,1499,1.0,0.15,0,Credit Card,Social Media,Cancelled,,,1274.1499999999999,2024-07
ORD-00107,2025-04-13,CUS-0032,Customer 32,63.0,Non-binary,Kolkata,West Bengal,East,FAS-303,Backpack,Fashion,1499,3.0,0.0,0,UPI,Organic Search,Delivered,4.0,8.0,4497.0,2025-04
ORD-00108,2025-02-03,CUS-0394,Customer 394,61.0,Male,Bengaluru,Karnataka,South,HOM-203,Storage Organizer,Home & Living,699,4.0,0.15,0,Debit Card,Email,Delivered,4.0,2.0,2376.6,2025-02
ORD-00109,2024-11-14,CUS-0512,Customer 512,48.0,Male,Hyderabad,Telangana,South,FAS-302,Running Shoes,Fashion,2599,1.0,0.0,49,Cash on Delivery,Paid Search,Returned,,,2648.0,2024-11
ORD-00110,2025-05-08,CUS-0261,Customer 261,47.0,Male,Bhubaneswar,Odisha,East,ELE-102,Bluetooth Speaker,Electronics,1899,1.0,0.0,49,Debit Card,Email,Delivered,4.0,2.0,1948.0,2025-05
ORD-00111,2024-10-12,CUS-0021,Customer 21,47.0,Female,Jaipur,Rajasthan,North,FAS-302,Running Shoes,Fashion,2599,2.0,0.05,0,Credit Card,Organic Search,Delivered,3.0,7.0,4938.099999999999,2024-10
ORD-00112,2024-03-04,CUS-0501,Customer 501,39.0,Female,Bengaluru,Karnataka,South,FAS-302,Running Shoes,Fashion,2599,3.0,0.0,0,Credit Card,Direct,Cancelled,,,7797.0,2024-03
ORD-00113,2024-07-06,CUS-0372,Customer 372,36.0,Male,Jaipur,Rajasthan,North,ELE-101,Wireless Headphones,Electronics,2499,2.0,0.15,0,UPI,Paid Search,Returned,,,4248.3,2024-07
ORD-00114,2025-02-02,CUS-0149,Customer 149,47.0,Non-binary,Mumbai,Maharashtra,West,BEA-402,Hair Dryer,Beauty,1799,2.0,0.0,79,Cash on Delivery,Email,Delivered,4.0,2.0,3677.0,2025-02
ORD-00115,2025-08-13,CUS-0386,Customer 386,45.0,Non-binary,Jaipur,Rajasthan,North,ELE-102,Bluetooth Speaker,Electronics,1899,3.0,0.1,49,Wallet,Email,Delivered,5.0,2.0,5176.3,2025-08
ORD-00116,2025-10-16,CUS-0409,Customer 409,20.0,Male,Hyderabad,Telangana,South,FAS-303,Backpack,Fashion,1499,2.0,0.2,79,Wallet,Referral,Delivered,3.0,8.0,2477.4,2025-10
ORD-00117,2024-09-14,CUS-0048,Customer 48,58.0,Female,Bengaluru,Karnataka,South,FAS-303,Backpack,Fashion,1499,4.0,0.0,0,Credit Card,Email,Returned,,,5996.0,2024-09
ORD-00118,2025-05-06,CUS-0250,Customer 250,45.0,Male,Pune,Maharashtra,West,FAS-301,Casual T-Shirt,Fashion,799,3.0,0.05,99,Credit Card,Referral,Delivered,4.0,1.0,2376.15,2025-05
ORD-00119,2024-11-30,CUS-0400,Customer 400,60.0,Female,Delhi,Delhi,North,BEA-402,Hair Dryer,Beauty,1799,1.0,0.05,0,UPI,Direct,Cancelled,,,1709.05,2024-11
ORD-00120,2024-12-07,CUS-0292,Customer 292,23.0,Male,Mumbai,Maharashtra,West,FAS-303,Backpack,Fashion,1499,3.0,0.2,0,UPI,Paid Search,Cancelled,,,3597.6000000000004,2024-12
ORD-00121,2025-10-06,CUS-0166,Customer 166,45.0,Male,Bhubaneswar,Odisha,East,BEA-401,Skin Care Kit,Beauty,1299,3.0,0.15,49,UPI,Email,Delivered,5.0,8.0,3361.45,2025-10
ORD-00122,2025-01-04,CUS-0219,Customer 219,41.0,Female,Bhubaneswar,Odisha,East,ELE-103,Smart Watch,Electronics,4299,1.0,0.1,0,Wallet,Email,Returned,,,3869.1,2025-01
ORD-00123,2024-08-19,CUS-0213,Customer 213,24.0,Female,Mumbai,Maharashtra,West,HOM-201,Cotton Bedsheet,Home & Living,1199,4.0,0.05,99,Debit Card,Direct,Delivered,5.0,6.0,4655.2,2024-08
ORD-00124,2024-03-13,CUS-0028,Customer 28,58.0,Non-binary,Hyderabad,Telangana,South,ELE-103,Smart Watch,Electronics,4299,3.0,0.0,49,Cash on Delivery,Paid Search,Delivered,4.0,4.0,12946.0,2024-03
ORD-00125,2025-10-06,CUS-0311,Customer 311,20.0,Female,Hyderabad,Telangana,South,FAS-302,Running Shoes,Fashion,2599,4.0,0.0,99,Debit Card,Direct,Returned,,,10495.0,2025-10
ORD-00126,2024-10-25,CUS-0258,Customer 258,44.0,Non-binary,Bengaluru,Karnataka,South,HOM-202,LED Desk Lamp,Home & Living,999,3.0,0.2,0,Wallet,Paid Search,Cancelled,,,2397.6,2024-10
ORD-00127,2024-05-16,CUS-0030,Customer 30,19.0,Non-binary,Pune,Maharashtra,West,HOM-203,Storage Organizer,Home & Living,699,1.0,0.05,49,Wallet,Referral,Delivered,4.0,2.0,713.05,2024-05
ORD-00128,2025-07-20,CUS-0073,Customer 73,61.0,Non-binary,Pune,Maharashtra,West,BEA-401,Skin Care Kit,Beauty,1299,4.0,0.2,99,Debit Card,Social Media,Delivered,4.0,5.0,4255.8,2025-07
ORD-00129,2025-08-29,CUS-0008,Customer 8,49.0,Male,Bengaluru,Karnataka,South,ELE-103,Smart Watch,Electronics,4299,2.0,0.0,0,Cash on Delivery,Referral,Delivered,3.0,3.0,8598.0,2025-08
ORD-00130,2024-09-19,CUS-0489,Customer 489,64.0,Female,Pune,Maharashtra,West,ELE-101,Wireless Headphones,Electronics,2499,3.0,0.2,79,Debit Card,Email,Delivered,5.0,4.0,6076.6,2024-09
ORD-00131,2024-03-06,CUS-0171,Customer 171,40.0,Non-binary,Hyderabad,Telangana,South,FAS-302,Running Shoes,Fashion,2599,4.0,0.0,79,Wallet,Direct,Returned,,,10475.0,2024-03
ORD-00132,2025-04-01,CUS-0074,Customer 74,33.0,Male,Chennai,Tamil Nadu,South,ELE-101,Wireless Headphones,Electronics,2499,4.0,0.0,99,Wallet,Direct,Delivered,3.0,2.0,10095.0,2025-04
ORD-00133,2024-06-05,CUS-0461,Customer 461,30.0,Female,Hyderabad,Telangana,South,ELE-102,Bluetooth Speaker,Electronics,1899,2.0,0.0,0,Credit Card,Paid Search,Cancelled,,,3798.0,2024-06
ORD-00134,2025-09-29,CUS-0438,Customer 438,32.0,Female,Bhubaneswar,Odisha,East,GRO-501,Coffee Beans,Grocery,549,4.0,0.2,0,UPI,Paid Search,Delivered,3.0,5.0,1756.8000000000002,2025-09
ORD-00135,2025-09-11,CUS-0070,Customer 70,47.0,Male,Chennai,Tamil Nadu,South,GRO-501,Coffee Beans,Grocery,549,3.0,0.0,79,Debit Card,Social Media,Returned,,,1726.0,2025-09
ORD-00136,2025-05-24,CUS-0172,Customer 172,44.0,Non-binary,Delhi,Delhi,North,FAS-303,Backpack,Fashion,1499,4.0,0.15,0,Credit Card,Social Media,Cancelled,,,5096.599999999999,2025-05
ORD-00137,2024-05-20,CUS-0130,Customer 130,60.0,Female,Delhi,Delhi,North,ELE-102,Bluetooth Speaker,Electronics,1899,1.0,0.2,79,Credit Card,Paid Search,Delivered,5.0,8.0,1598.2,2024-05
ORD-00138,2025-02-02,CUS-0360,Customer 360,65.0,Male,Pune,Maharashtra,West,BEA-401,Skin Care Kit,Beauty,1299,1.0,0.0,0,Wallet,Organic Search,Cancelled,,,1299.0,2025-02
ORD-00139,2025-03-30,CUS-0217,Customer 217,56.0,Female,Hyderabad,Telangana,South,HOM-203,Storage Organizer,Home & Living,699,1.0,0.0,99,Wallet,Paid Search,Delivered,4.0,5.0,798.0,2025-03
ORD-00140,2024-06-12,CUS-0245,Customer 245,43.0,Male,Bhubaneswar,Odisha,East,FAS-303,Backpack,Fashion,1499,2.0,0.2,99,Wallet,Direct,Delivered,3.0,6.0,2497.4,2024-06
ORD-00141,2024-11-01,CUS-0425,Customer 425,35.0,Non-binary,Bhubaneswar,Odisha,East,HOM-202,LED Desk Lamp,Home & Living,999,4.0,0.0,49,UPI,Paid Search,Delivered,3.0,7.0,4045.0,2024-11
ORD-00142,2024-08-02,CUS-0299,Customer 299,54.0,Male,Mumbai,Maharashtra,West,FAS-303,Backpack,Fashion,1499,3.0,0.1,79,Debit Card,Organic Search,Delivered,5.0,6.0,4126.3,2024-08
ORD-00143,2025-04-02,CUS-0042,Customer 42,31.0,Male,Mumbai,Maharashtra,West,HOM-202,LED Desk Lamp,Home & Living,999,4.0,0.05,0,UPI,Referral,Cancelled,,,3796.2,2025-04
ORD-00144,2024-01-07,CUS-0045,Customer 45,57.0,Female,Bengaluru,Karnataka,South,ELE-103,Smart Watch,Electronics,4299,3.0,0.0,79,UPI,Paid Search,Delivered,3.0,7.0,12976.0,2024-01
ORD-00145,2025-08-06,CUS-0383,Customer 383,21.0,Non-binary,Chennai,Tamil Nadu,South,BEA-401,Skin Care Kit,Beauty,1299,3.0,0.2,99,Cash on Delivery,Direct,Delivered,4.0,7.0,3216.6000000000004,2025-08
ORD-00146,2025-04-15,CUS-0490,Customer 490,54.0,Female,Chennai,Tamil Nadu,South,GRO-501,Coffee Beans,Grocery,549,2.0,0.0,0,Debit Card,Paid Search,Cancelled,,,1098.0,2025-04
ORD-00147,2024-07-07,CUS-0313,Customer 313,60.0,Female,Kolkata,West Bengal,East,HOM-202,LED Desk Lamp,Home & Living,999,3.0,0.0,79,Debit Card,Social Media,Delivered,3.0,6.0,3076.0,2024-07
ORD-00148,2025-06-01,CUS-0045,Customer 45,26.0,Non-binary,Pune,Maharashtra,West,BEA-401,Skin Care Kit,Beauty,1299,1.0,0.2,0,Credit Card,Email,Delivered,3.0,3.0,1039.2,2025-06
ORD-00149,2025-08-08,CUS-0428,Customer 428,49.0,Non-binary,Pune,Maharashtra,West,ELE-103,Smart Watch,Electronics,4299,4.0,0.0,0,UPI,Paid Search,Cancelled,,,17196.0,2025-08
ORD-00150,2025-02-03,CUS-0181,Customer 181,61.0,Male,Mumbai,Maharashtra,West,ELE-103,Smart Watch,Electronics,4299,2.0,0.2,99,UPI,Direct,Delivered,3.0,8.0,6977.400000000001,2025-02
ORD-00151,2024-08-05,CUS-0470,Customer 470,51.0,Female,Kolkata,West Bengal,East,FAS-301,Casual T-Shirt,Fashion,799,3.0,0.05,99,Wallet,Organic Search,Delivered,5.0,1.0,2376.15,2024-08
ORD-00152,2025-08-24,CUS-0332,Customer 332,64.0,Non-binary,Chennai,Tamil Nadu,South,BEA-401,Skin Care Kit,Beauty,1299,1.0,0.2,79,UPI,Referral,Returned,,,1118.2,2025-08
ORD-00153,2025-01-09,CUS-0184,Customer 184,34.0,Male,Kolkata,West Bengal,East,FAS-303,Backpack,Fashion,1499,1.0,0.1,0,Wallet,Referral,Cancelled,,,1349.1000000000001,2025-01
ORD-00154,2025-05-03,CUS-0211,Customer 211,46.0,Female,Bengaluru,Karnataka,South,HOM-203,Storage Organizer,Home & Living,699,2.0,0.05,49,Cash on Delivery,Paid Search,Returned,,,1377.1,2025-05
ORD-00155,2024-02-23,CUS-0122,Customer 122,38.0,Female,Bhubaneswar,Odisha,East,BEA-402,Hair Dryer,Beauty,1799,3.0,0.15,79,Debit Card,Email,Delivered,3.0,1.0,4666.45,2024-02
ORD-00156,2024-05-11,CUS-0415,Customer 415,42.0,Female,Delhi,Delhi,North,BEA-401,Skin Care Kit,Beauty,1299,1.0,0.15,0,Cash on Delivery,Email,Cancelled,,,1104.1499999999999,2024-05
ORD-00157,2024-05-10,CUS-0415,Customer 415,48.0,Female,Kolkata,West Bengal,East,BEA-401,Skin Care Kit,Beauty,1299,2.0,0.05,49,UPI,Paid Search,Returned,,,2517.1,2024-05
ORD-00158,2024-01-17,CUS-0276,Customer 276,62.0,Non-binary,Kolkata,West Bengal,East,ELE-103,Smart Watch,Electronics,4299,1.0,0.2,79,Wallet,Email,Delivered,4.0,5.0,3518.2000000000003,2024-01
ORD-00159,2025-07-03,CUS-0102,Customer 102,42.0,Male,Jaipur,Rajasthan,North,HOM-202,LED Desk Lamp,Home & Living,999,1.0,0.1,0,UPI,Email,Cancelled,,,899.1,2025-07
ORD-00160,2024-02-21,CUS-0288,Customer 288,27.0,Male,Mumbai,Maharashtra,West,BEA-402,Hair Dryer,Beauty,1799,2.0,0.0,0,UPI,Referral,Cancelled,,,3598.0,2024-02
ORD-00161,2025-09-16,CUS-0351,Customer 351,35.0,Female,Bhubaneswar,Odisha,East,BEA-402,Hair Dryer,Beauty,1799,1.0,0.0,99,Debit Card,Direct,Delivered,5.0,5.0,1898.0,2025-09
ORD-00162,2024-10-05,CUS-0161,Customer 161,33.0,Male,Kolkata,West Bengal,East,ELE-101,Wireless Headphones,Electronics,2499,1.0,0.0,49,UPI,Organic Search,Delivered,4.0,2.0,2548.0,2024-10
ORD-00163,2024-03-24,CUS-0118,Customer 118,62.0,Female,Mumbai,Maharashtra,West,BEA-401,Skin Care Kit,Beauty,1299,2.0,0.0,79,Credit Card,Paid Search,Delivered,5.0,4.0,2677.0,2024-03
ORD-00164,2024-09-24,CUS-0208,Customer 208,52.0,Non-binary,Pune,Maharashtra,West,HOM-202,LED Desk Lamp,Home & Living,999,4.0,0.1,79,Credit Card,Referral,Delivered,3.0,3.0,3675.4,2024-09
ORD-00165,2024-06-02,CUS-0417,Customer 417,23.0,Female,Jaipur,Rajasthan,North,BEA-402,Hair Dryer,Beauty,1799,3.0,0.0,0,UPI,Direct,Returned,,,5397.0,2024-06
ORD-00166,2024-05-29,CUS-0302,Customer 302,28.0,Female,Delhi,Delhi,North,BEA-402,Hair Dryer,Beauty,1799,4.0,0.0,79,Credit Card,Direct,Delivered,4.0,1.0,7275.0,2024-05
ORD-00167,2024-09-30,CUS-0205,Customer 205,48.0,Male,Hyderabad,Telangana,South,BEA-401,Skin Care Kit,Beauty,1299,4.0,0.2,79,UPI,Paid Search,Delivered,5.0,4.0,4235.8,2024-09
ORD-00168,2025-08-15,CUS-0020,Customer 20,54.0,Female,Mumbai,Maharashtra,West,HOM-202,LED Desk Lamp,Home & Living,999,1.0,0.05,49,Wallet,Referral,Delivered,4.0,1.0,998.05,2025-08
ORD-00169,2025-12-13,CUS-0448,Customer 448,47.0,Male,Kolkata,West Bengal,East,BEA-401,Skin Care Kit,Beauty,1299,4.0,0.15,0,Wallet,Paid Search,Returned,,,4416.599999999999,2025-12
ORD-00170,2024-07-08,CUS-0015,Customer 15,45.0,Female,Pune,Maharashtra,West,ELE-103,Smart Watch,Electronics,4299,3.0,0.15,49,Debit Card,Organic Search,Delivered,4.0,6.0,11011.449999999999,2024-07
ORD-00171,2025-05-24,CUS-0452,Customer 452,40.0,Non-binary,Bengaluru,Karnataka,South,BEA-402,Hair Dryer,Beauty,1799,2.0,0.15,0,Wallet,Organic Search,Cancelled,,,3058.2999999999997,2025-05
ORD-00172,2025-02-19,CUS-0168,Customer 168,25.0,Male,Kolkata,West Bengal,East,ELE-101,Wireless Headphones,Electronics,2499,3.0,0.15,79,Debit Card,Social Media,Delivered,3.0,1.0,6451.45,2025-02
ORD-00173,2025-04-25,CUS-0414,Customer 414,37.0,Female,Mumbai,Maharashtra,West,HOM-201,Cotton Bedsheet,Home & Living,1199,4.0,0.15,0,Wallet,Social Media,Delivered,5.0,4.0,4076.6,2025-04
ORD-00174,2024-04-09,CUS-0272,Customer 272,52.0,Non-binary,Bengaluru,Karnataka,South,ELE-101,Wireless Headphones,Electronics,2499,3.0,0.05,99,UPI,Email,Delivered,4.0,7.0,7221.15,2024-04
ORD-00175,2024-10-31,CUS-0042,Customer 42,59.0,Non-binary,Jaipur,Rajasthan,North,BEA-401,Skin Care Kit,Beauty,1299,2.0,0.0,99,Credit Card,Social Media,Delivered,3.0,4.0,2697.0,2024-10
ORD-00176,2025-11-08,CUS-0360,Customer 360,29.0,Male,Hyderabad,Telangana,South,GRO-501,Coffee Beans,Grocery,549,3.0,0.1,0,Credit Card,Email,Cancelled,,,1482.3,2025-11
ORD-00177,2024-04-21,CUS-0497,Customer 497,53.0,Non-binary,Bengaluru,Karnataka,South,FAS-303,Backpack,Fashion,1499,2.0,0.05,0,Wallet,Email,Returned,,,2848.1,2024-04
ORD-00178,2025-07-19,CUS-0508,Customer 508,54.0,Male,Kolkata,West Bengal,East,FAS-301,Casual T-Shirt,Fashion,799,3.0,0.2,0,Credit Card,Organic Search,Cancelled,,,1917.6000000000001,2025-07
ORD-00179,2025-06-18,CUS-0129,Customer 129,40.0,Male,Kolkata,West Bengal,East,BEA-402,Hair Dryer,Beauty,1799,3.0,0.0,79,Wallet,Email,Delivered,3.0,8.0,5476.0,2025-06
ORD-00180,2025-01-27,CUS-0260,Customer 260,58.0,Male,Chennai,Tamil Nadu,South,FAS-301,Casual T-Shirt,Fashion,799,2.0,0.1,0,Debit Card,Email,Delivered,5.0,8.0,1438.2,2025-01
ORD-00181,2024-10-20,CUS-0298,Customer 298,35.0,Non-binary,Hyderabad,Telangana,South,BEA-401,Skin Care Kit,Beauty,1299,4.0,0.0,49,UPI,Paid Search,Delivered,4.0,6.0,5245.0,2024-10
ORD-00182,2024-12-27,CUS-0135,Customer 135,19.0,Male,Jaipur,Rajasthan,North,ELE-102,Bluetooth Speaker,Electronics,1899,2.0,0.2,49,UPI,Referral,Delivered,5.0,3.0,3087.4,2024-12
ORD-00183,2025-10-11,CUS-0519,Customer 519,53.0,Male,Delhi,Delhi,North,BEA-401,Skin Care Kit,Beauty,1299,2.0,0.05,0,Wallet,Social Media,Cancelled,,,2468.1,2025-10
ORD-00184,2024-07-13,CUS-0006,Customer 6,28.0,Male,Bengaluru,Karnataka,South,BEA-402,Hair Dryer,Beauty,1799,4.0,0.1,0,Debit Card,Paid Search,Delivered,5.0,8.0,6476.400000000001,2024-07
ORD-00185,2025-05-07,CUS-0050,Customer 50,49.0,Male,Bhubaneswar,Odisha,East,ELE-103,Smart Watch,Electronics,4299,3.0,0.0,99,Cash on Delivery,Paid Search,Delivered,5.0,2.0,12996.0,2025-05
ORD-00186,2025-07-15,CUS-0315,Customer 315,40.0,Female,Mumbai,Maharashtra,West,BEA-401,Skin Care Kit,Beauty,1299,4.0,0.0,49,UPI,Paid Search,Delivered,4.0,5.0,5245.0,2025-07
ORD-00187,2025-11-09,CUS-0407,Customer 407,27.0,Male,Chennai,Tamil Nadu,South,GRO-501,Coffee Beans,Grocery,549,3.0,0.1,0,Wallet,Direct,Delivered,5.0,7.0,1482.3,2025-11
ORD-00188,2025-10-03,CUS-0075,Customer 75,58.0,Male,Delhi,Delhi,North,ELE-103,Smart Watch,Electronics,4299,4.0,0.1,79,Credit Card,Referral,Delivered,3.0,8.0,15555.4,2025-10
ORD-00189,2025-09-05,CUS-0013,Customer 13,39.0,Female,Hyderabad,Telangana,South,ELE-102,Bluetooth Speaker,Electronics,1899,4.0,0.1,79,Credit Card,Social Media,Returned,,,6915.400000000001,2025-09
ORD-00190,2025-11-13,CUS-0058,Customer 58,61.0,Female,Kolkata,West Bengal,East,GRO-501,Coffee Beans,Grocery,549,3.0,0.15,49,UPI,Organic Search,Delivered,3.0,1.0,1448.95,2025-11
ORD-00191,2024-08-09,CUS-0001,Customer 1,58.0,Male,Delhi,Delhi,North,FAS-303,Backpack,Fashion,1499,4.0,0.0,79,Debit Card,Direct,Delivered,3.0,4.0,6075.0,2024-08
ORD-00192,2024-05-13,CUS-0351,Customer 351,62.0,Male,Bengaluru,Karnataka,South,HOM-203,Storage Organizer,Home & Living,699,3.0,0.1,99,Wallet,Direct,Delivered,4.0,7.0,1986.3,2024-05
ORD-00193,2025-01-18,CUS-0181,Customer 181,37.0,Female,Chennai,Tamil Nadu,South,BEA-401,Skin Care Kit,Beauty,1299,1.0,0.0,99,Wallet,Email,Delivered,3.0,2.0,1398.0,2025-01
ORD-00194,2025-03-09,CUS-0195,Customer 195,61.0,Female,Pune,Maharashtra,West,HOM-203,Storage Organizer,Home & Living,699,3.0,0.2,99,UPI,Social Media,Returned,,,1776.6000000000001,2025-03
ORD-00195,2024-04-13,CUS-0170,Customer 170,33.0,Non-binary,Bhubaneswar,Odisha,East,FAS-302,Running Shoes,Fashion,2599,1.0,0.15,99,Credit Card,Direct,Delivered,4.0,7.0,2308.15,2024-04
ORD-00196,2025-08-30,CUS-0220,Customer 220,21.0,Female,Bengaluru,Karnataka,South,BEA-402,Hair Dryer,Beauty,1799,1.0,0.0,49,UPI,Social Media,Delivered,5.0,6.0,1848.0,2025-08
ORD-00197,2024-06-04,CUS-0375,Customer 375,50.0,Male,Hyderabad,Telangana,South,ELE-101,Wireless Headphones,Electronics,2499,3.0,0.0,0,Credit Card,Paid Search,Delivered,4.0,1.0,7497.0,2024-06
ORD-00198,2025-04-25,CUS-0407,Customer 407,57.0,Male,Jaipur,Rajasthan,North,BEA-401,Skin Care Kit,Beauty,1299,1.0,0.05,0,Credit Card,Paid Search,Cancelled,,,1234.05,2025-04
ORD-00199,2025-05-20,CUS-0086,Customer 86,53.0,Female,Bengaluru,Karnataka,South,FAS-303,Backpack,Fashion,1499,4.0,0.0,99,Wallet,Referral,Returned,,,6095.0,2025-05
ORD-00200,2024-04-29,CUS-0055,Customer 55,47.0,Non-binary,Kolkata,West Bengal,East,HOM-201,Cotton Bedsheet,Home & Living,1199,4.0,0.0,0,Credit Card,Organic Search,Delivered,4.0,1.0,4796.0,2024-04
ORD-00201,2024-09-26,CUS-0007,Customer 7,22.0,Non-binary,Delhi,Delhi,North,FAS-302,Running Shoes,Fashion,2599,1.0,0.05,49,Credit Card,Referral,Delivered,4.0,8.0,2518.0499999999997,2024-09
ORD-00202,2025-05-04,CUS-0417,Customer 417,26.0,Non-binary,Kolkata,West Bengal,East,HOM-202,LED Desk Lamp,Home & Living,999,4.0,0.2,0,Debit Card,Referral,Delivered,3.0,1.0,3196.8,2025-05
ORD-00203,2025-10-05,CUS-0272,Customer 272,30.0,Non-binary,Jaipur,Rajasthan,North,ELE-101,Wireless Headphones,Electronics,2499,3.0,0.2,49,Credit Card,Email,Delivered,5.0,7.0,6046.6,2025-10
ORD-00204,2025-03-07,CUS-0256,Customer 256,65.0,Male,Bhubaneswar,Odisha,East,FAS-303,Backpack,Fashion,1499,2.0,0.0,0,Debit Card,Email,Cancelled,,,2998.0,2025-03
ORD-00205,2024-11-09,CUS-0023,Customer 23,45.0,Female,Pune,Maharashtra,West,HOM-201,Cotton Bedsheet,Home & Living,1199,2.0,0.0,99,UPI,Organic Search,Delivered,5.0,6.0,2497.0,2024-11
ORD-00206,2024-12-26,CUS-0044,Customer-72,44.0,Female,Hyderabad,Telangana,South,GRO-501,Coffee Beans,Grocery,549,3.0,0.2,49,Cash on Delivery,Organic Search,Delivered,3.0,2.0,1366.6000000000001,2024-12
ORD-00207,2024-05-18,CUS-0457,Customer 457,61.0,Male,Delhi,Delhi,North,HOM-201,Cotton Bedsheet,Home & Living,1199,1.0,0.0,99,Credit Card,Organic Search,Delivered,3.0,7.0,1298.0,2024-05
ORD-00208,2024-10-24,CUS-0350,Customer 350,44.0,Male,Bengaluru,Karnataka,South,HOM-201,Cotton Bedsheet,Home & Living,1199,1.0,0.2,99,UPI,Organic Search,Delivered,3.0,6.0,1058.2,2024-10
ORD-00209,2025-05-27,CUS-0362,Customer 362,38.0,Male,Delhi,Delhi,North,BEA-402,Hair Dryer,Beauty,1799,3.0,0.05,0,Debit Card,Referral,Delivered,3.0,4.0,5127.15,2025-05
ORD-00210,2024-01-17,CUS-0033,Customer 33,55.0,Female,Pune,Maharashtra,West,FAS-301,Casual T-Shirt,Fashion,799,4.0,0.15,0,Debit Card,Social Media,Cancelled,,,2716.6,2024-01
ORD-00211,2024-07-07,CUS-0294,Customer 294,47.0,Non-binary,Delhi,Delhi,North,ELE-103,Smart Watch,Electronics,4299,4.0,0.2,0,Credit Card,Paid Search,Cancelled,,,13756.800000000001,2024-07
ORD-00212,2024-03-21,CUS-0123,Customer 123,65.0,Male,Hyderabad,Telangana,South,FAS-301,Casual T-Shirt,Fashion,799,1.0,0.1,49,Cash on Delivery,Direct,Delivered,3.0,6.0,768.1,2024-03
ORD-00213,2025-11-14,CUS-0312,Customer 312,24.0,Male,Mumbai,Maharashtra,West,ELE-101,Wireless Headphones,Electronics,2499,1.0,0.0,0,Cash on Delivery,Direct,Cancelled,,,2499.0,2025-11
ORD-00214,2024-08-10,CUS-0355,Customer 355,22.0,Female,Kolkata,West Bengal,East,FAS-303,Backpack,Fashion,1499,2.0,0.1,79,UPI,Social Media,Delivered,3.0,1.0,2777.2000000000003,2024-08
ORD-00215,2024-02-06,CUS-0376,Customer 376,31.0,Male,Kolkata,West Bengal,East,HOM-203,Storage Organizer,Home & Living,699,3.0,0.2,49,Credit Card,Paid Search,Delivered,4.0,5.0,1726.6000000000001,2024-02
ORD-00216,2024-09-15,CUS-0019,Customer 19,21.0,Non-binary,Bhubaneswar,Odisha,East,BEA-401,Skin Care Kit,Beauty,1299,3.0,0.0,0,UPI,Paid Search,Cancelled,,,3897.0,2024-09
ORD-00217,2024-05-17,CUS-0134,Customer 134,28.0,Female,Bhubaneswar,Odisha,East,ELE-102,Bluetooth Speaker,Electronics,1899,2.0,0.0,99,UPI,Referral,Delivered,5.0,1.0,3897.0,2024-05
ORD-00218,2024-03-18,CUS-0107,Customer 107,27.0,Male,Pune,Maharashtra,West,HOM-201,Cotton Bedsheet,Home & Living,1199,4.0,0.0,79,Debit Card,Organic Search,Delivered,3.0,2.0,4875.0,2024-03
ORD-00219,2024-01-30,CUS-0285,Customer 285,48.0,Non-binary,Chennai,Tamil Nadu,South,FAS-301,Casual T-Shirt,Fashion,799,2.0,0.05,49,Debit Card,Social Media,Delivered,4.0,2.0,1567.1,2024-01
ORD-00220,2025-12-15,CUS-0306,Customer 306,23.0,Female,Jaipur,Rajasthan,North,BEA-401,Skin Care Kit,Beauty,1299,3.0,0.15,79,UPI,Email,Delivered,3.0,2.0,3391.45,2025-12
ORD-00221,2025-06-07,CUS-0371,Customer 371,50.0,Female,Delhi,Delhi,North,FAS-303,Backpack,Fashion,1499,3.0,0.0,99,Debit Card,Paid Search,Delivered,5.0,2.0,4596.0,2025-06
ORD-00222,2024-08-20,CUS-0233,Customer 233,65.0,Female,Pune,Maharashtra,West,FAS-303,Backpack,Fashion,1499,1.0,0.0,49,Debit Card,Direct,Delivered,3.0,6.0,1548.0,2024-08
ORD-00223,2024-07-16,CUS-0461,Customer 461,30.0,Male,Bhubaneswar,Odisha,East,BEA-402,Hair Dryer,Beauty,1799,1.0,0.0,99,Debit Card,Referral,Delivered,5.0,5.0,1898.0,2024-07
ORD-00224,2024-05-11,CUS-0081,Customer 81,54.0,Male,Kolkata,West Bengal,East,BEA-402,Hair Dryer,Beauty,1799,2.0,0.15,79,Wallet,Social Media,Delivered,3.0,2.0,3137.2999999999997,2024-05
ORD-00225,2024-12-08,CUS-0004,Customer 4,30.0,Non-binary,Delhi,Delhi,North,ELE-102,Bluetooth Speaker,Electronics,1899,4.0,0.1,49,UPI,Referral,Delivered,4.0,2.0,6885.400000000001,2024-12
ORD-00226,2025-02-20,CUS-0396,Customer 396,58.0,Female,Bengaluru,Karnataka,South,HOM-202,LED Desk Lamp,Home & Living,999,4.0,0.1,99,Debit Card,Direct,Delivered,3.0,3.0,3695.4,2025-02
ORD-00227,2024-08-21,CUS-0211,Customer 211,41.0,Non-binary,Delhi,Delhi,North,ELE-101,Wireless Headphones,Electronics,2499,3.0,0.1,49,Debit Card,Paid Search,Returned,,,6796.3,2024-08
ORD-00228,2024-12-08,CUS-0427,Customer 427,40.0,Male,Chennai,Tamil Nadu,South,HOM-202,LED Desk Lamp,Home & Living,999,4.0,0.0,0,Credit Card,Organic Search,Delivered,3.0,1.0,3996.0,2024-12
ORD-00229,2024-06-27,CUS-0076,Customer 76,58.0,Female,Chennai,Tamil Nadu,South,FAS-302,Running Shoes,Fashion,2599,1.0,0.1,0,Wallet,Social Media,Cancelled,,,2339.1,2024-06
ORD-00230,2024-09-26,CUS-0356,Customer 356,28.0,Female,Chennai,Tamil Nadu,South,ELE-102,Bluetooth Speaker,Electronics,1899,3.0,0.15,0,Cash on Delivery,Email,Cancelled,,,4842.45,2024-09
ORD-00231,2024-11-02,CUS-0221,Customer 221,36.0,Female,Chennai,Tamil Nadu,South,HOM-203,Storage Organizer,Home & Living,699,3.0,0.05,99,Cash on Delivery,Social Media,Returned,,,2091.1499999999996,2024-11
ORD-00232,2025-12-23,CUS-0409,Customer 409,58.0,Female,Chennai,Tamil Nadu,South,ELE-102,Bluetooth Speaker,Electronics,1899,1.0,0.1,49,Cash on Delivery,Direct,Delivered,3.0,4.0,1758.1000000000001,2025-12
ORD-00233,2025-02-08,CUS-0411,Customer 411,56.0,Male,Chennai,Tamil Nadu,South,HOM-202,LED Desk Lamp,Home & Living,999,3.0,0.05,79,Cash on Delivery,Paid Search,Delivered,5.0,8.0,2926.15,2025-02
ORD-00234,2024-02-04,CUS-0214,Customer 214,18.0,Non-binary,Chennai,Tamil Nadu,South,FAS-303,Backpack,Fashion,1499,3.0,0.05,0,Debit Card,Organic Search,Delivered,4.0,7.0,4272.15,2024-02
ORD-00235,2025-03-03,CUS-0282,Customer 282,35.0,Non-binary,Mumbai,Maharashtra,West,BEA-402,Hair Dryer,Beauty,1799,2.0,0.15,0,Credit Card,Referral,Delivered,3.0,3.0,3058.2999999999997,2025-03
ORD-00236,2025-02-01,CUS-0462,Customer 462,52.0,Non-binary,Bhubaneswar,Odisha,East,HOM-203,Storage Organizer,Home & Living,699,1.0,0.1,49,Cash on Delivery,Organic Search,Returned,,,678.1,2025-02
ORD-00237,2024-07-20,CUS-0154,Customer 154,47.0,Male,Pune,Maharashtra,West,FAS-303,Backpack,Fashion,1499,2.0,0.0,0,Credit Card,Direct,Cancelled,,,2998.0,2024-07
ORD-00238,2025-02-21,CUS-0418,Customer 418,22.0,Male,Jaipur,Rajasthan,North,ELE-103,Smart Watch,Electronics,4299,3.0,0.0,79,Debit Card,Organic Search,Delivered,3.0,6.0,12976.0,2025-02
ORD-00239,2024-11-15,CUS-0371,Customer 371,34.0,Male,Hyderabad,Telangana,South,HOM-202,LED Desk Lamp,Home & Living,999,2.0,0.0,79,Credit Card,Email,Returned,,,2077.0,2024-11
ORD-00240,2025-01-10,CUS-0356,Customer 356,51.0,Male,Delhi,Delhi,North,GRO-501,Coffee Beans,Grocery,549,4.0,0.2,99,Credit Card,Paid Search,Delivered,5.0,5.0,1855.8000000000002,2025-01
ORD-00241,2024-06-30,CUS-0283,Customer 283,39.0,Male,Jaipur,Rajasthan,North,HOM-202,LED Desk Lamp,Home & Living,999,1.0,0.15,0,Cash on Delivery,Referral,Delivered,4.0,1.0,849.15,2024-06
ORD-00242,2025-09-23,CUS-0069,Customer 69,21.0,Female,Delhi,Delhi,North,ELE-103,Smart Watch,Electronics,4299,2.0,0.0,0,UPI,Social Media,Delivered,5.0,8.0,8598.0,2025-09
ORD-00243,2024-05-24,CUS-0078,Customer 78,22.0,Male,Bengaluru,Karnataka,South,ELE-101,Wireless Headphones,Electronics,2499,1.0,0.05,79,Credit Card,Direct,Delivered,4.0,7.0,2453.0499999999997,2024-05
ORD-00244,2024-10-17,CUS-0062,Customer 62,19.0,Non-binary,Mumbai,Maharashtra,West,GRO-501,Coffee Beans,Grocery,549,4.0,0.0,99,Credit Card,Organic Search,Returned,,,2295.0,2024-10
ORD-00245,2025-09-20,CUS-0141,Customer 141,26.0,Non-binary,Hyderabad,Telangana,South,HOM-202,LED Desk Lamp,Home & Living,999,3.0,0.05,0,UPI,Email,Delivered,3.0,3.0,2847.15,2025-09
ORD-00246,2025-10-02,CUS-0456,Customer 456,61.0,Non-binary,Pune,Maharashtra,West,HOM-201,Cotton Bedsheet,Home & Living,1199,2.0,0.0,0,Wallet,Referral,Delivered,4.0,3.0,2398.0,2025-10
ORD-00247,2025-06-09,CUS-0135,Customer 135,24.0,Non-binary,Pune,Maharashtra,West,HOM-201,Cotton Bedsheet,Home & Living,1199,4.0,0.05,79,Credit Card,Paid Search,Delivered,4.0,7.0,4635.2,2025-06
ORD-00248,2025-03-29,CUS-0095,Customer 95,22.0,Female,Pune,Maharashtra,West,FAS-303,Backpack,Fashion,1499,2.0,0.0,99,UPI,Organic Search,Returned,,,3097.0,2025-03
ORD-00249,2024-05-04,CUS-0323,Customer 323,24.0,Female,Jaipur,Rajasthan,North,HOM-202,LED Desk Lamp,Home & Living,999,3.0,0.15,0,Debit Card,Social Media,Cancelled,,,2547.45,2024-05
ORD-00250,2024-10-04,CUS-0265,Customer 265,45.0,Non-binary,Hyderabad,Telangana,South,HOM-203,Storage Organizer,Home & Living,699,4.0,0.1,79,Credit Card,Social Media,Delivered,5.0,2.0,2595.4,2024-10
ORD-00251,2025-10-01,CUS-0237,Customer 237,28.0,Non-binary,Pune,Maharashtra,West,HOM-203,Storage Organizer,Home & Living,699,3.0,0.15,0,Credit Card,Email,Returned,,,1782.45,2025-10
ORD-00252,2025-03-23,CUS-0381,Customer 381,35.0,Male,Bengaluru,Karnataka,South,BEA-401,Skin Care Kit,Beauty,1299,2.0,0.1,99,Credit Card,Direct,Returned,,,2437.2000000000003,2025-03
ORD-00253,2024-01-03,CUS-0457,Customer 457,61.0,Male,Bengaluru,Karnataka,South,FAS-302,Running Shoes,Fashion,2599,3.0,0.0,0,UPI,Paid Search,Delivered,3.0,2.0,7797.0,2024-01
ORD-00254,2025-04-17,CUS-0322,Customer 322,22.0,Non-binary,Kolkata,West Bengal,East,GRO-501,Coffee Beans,Grocery,549,2.0,0.15,49,UPI,Social Media,Delivered,3.0,4.0,982.3,2025-04
ORD-00255,2025-10-27,CUS-0307,Customer 307,59.0,Male,Bhubaneswar,Odisha,East,HOM-202,LED Desk Lamp,Home & Living,999,3.0,0.2,49,Wallet,Referral,Delivered,5.0,3.0,2446.6,2025-10
ORD-00256,2024-04-04,CUS-0371,Customer 371,35.0,Non-binary,Chennai,Tamil Nadu,South,FAS-302,Running Shoes,Fashion,2599,4.0,0.05,79,Credit Card,Referral,Returned,,,9955.199999999999,2024-04
ORD-00257,2025-09-17,CUS-0058,Customer 58,31.0,Female,Delhi,Delhi,North,FAS-302,Running Shoes,Fashion,2599,3.0,0.05,79,Cash on Delivery,Referral,Delivered,4.0,1.0,7486.15,2025-09
ORD-00258,2024-04-29,CUS-0194,Customer 194,42.0,Non-binary,Mumbai,Maharashtra,West,FAS-302,Running Shoes,Fashion,2599,1.0,0.2,0,Wallet,Email,Delivered,5.0,6.0,2079.2000000000003,2024-04
ORD-00259,2025-05-13,CUS-0431,Customer 431,42.0,Non-binary,Chennai,Tamil Nadu,South,ELE-102,Bluetooth Speaker,Electronics,1899,3.0,0.0,79,Wallet,Organic Search,Delivered,3.0,7.0,5776.0,2025-05
ORD-00260,2024-10-17,CUS-0278,Customer 278,35.0,Male,Chennai,Tamil Nadu,South,ELE-102,Bluetooth Speaker,Electronics,1899,1.0,0.0,99,Wallet,Direct,Delivered,3.0,7.0,1998.0,2024-10
ORD-00261,2024-04-04,CUS-0352,Customer 352,34.0,Non-binary,Hyderabad,Telangana,South,GRO-501,Coffee Beans,Grocery,549,3.0,0.05,49,Debit Card,Organic Search,Delivered,4.0,8.0,1613.6499999999999,2024-04
ORD-00262,2024-08-31,CUS-0438,Customer 438,37.0,Non-binary,Mumbai,Maharashtra,West,ELE-101,Wireless Headphones,Electronics,2499,2.0,0.0,0,Cash on Delivery,Email,Cancelled,,,4998.0,2024-08
ORD-00263,2025-11-12,CUS-0402,Customer 402,52.0,Non-binary,Hyderabad,Telangana,South,ELE-103,Smart Watch,Electronics,4299,1.0,0.1,49,Debit Card,Social Media,Returned,,,3918.1,2025-11
ORD-00264,2025-01-13,CUS-0029,Customer 29,59.0,Male,Chennai,Tamil Nadu,South,HOM-201,Cotton Bedsheet,Home & Living,1199,4.0,0.2,99,Cash on Delivery,Direct,Delivered,3.0,5.0,3935.8,2025-01
ORD-00265,2024-12-14,CUS-0498,Customer 498,45.0,Male,Bhubaneswar,Odisha,East,BEA-402,Hair Dryer,Beauty,1799,1.0,0.0,49,Wallet,Paid Search,Returned,,,1848.0,2024-12
ORD-00266,2025-02-21,CUS-0346,Customer 346,23.0,Female,Mumbai,Maharashtra,West,FAS-303,Backpack,Fashion,1499,4.0,0.15,0,Debit Card,Direct,Delivered,4.0,6.0,5096.599999999999,2025-02
ORD-00267,2024-11-07,CUS-0475,Customer 475,26.0,Female,Pune,Maharashtra,West,ELE-101,Wireless Headphones,Electronics,2499,3.0,0.0,99,Debit Card,Organic Search,Delivered,4.0,7.0,7596.0,2024-11
ORD-00268,2024-07-30,CUS-0093,Customer 93,38.0,Non-binary,Bhubaneswar,Odisha,East,HOM-203,Storage Organizer,Home & Living,699,3.0,0.25,99,Debit Card,Paid Search,Returned,,,1671.75,2024-07
ORD-00269,2025-05-02,CUS-0090,Customer 90,45.0,Female,Kolkata,West Bengal,East,HOM-201,Cotton Bedsheet,Home & Living,1199,3.0,0.0,49,Credit Card,Email,Delivered,5.0,7.0,3646.0,2025-05
ORD-00270,2025-08-23,CUS-0382,Customer 382,45.0,Female,Bengaluru,Karnataka,South,FAS-303,Backpack,Fashion,1499,4.0,0.0,0,Debit Card,Direct,Delivered,5.0,2.0,5996.0,2025-08
ORD-00271,2024-12-06,CUS-0316,Customer 316,62.0,Male,Mumbai,Maharashtra,West,ELE-102,Bluetooth Speaker,Electronics,1899,3.0,0.0,99,Credit Card,Email,Delivered,5.0,5.0,5796.0,2024-12
ORD-00272,2024-04-23,CUS-0161,Customer 161,65.0,Male,Pune,Maharashtra,West,BEA-401,Skin Care Kit,Beauty,1299,1.0,0.05,79,Credit Card,Organic Search,Delivered,3.0,7.0,1313.05,2024-04
ORD-00273,2025-12-24,CUS-0052,Customer 52,41.0,Non-binary,Mumbai,Maharashtra,West,FAS-302,Running Shoes,Fashion,2599,3.0,0.15,99,Cash on Delivery,Referral,Delivered,3.0,6.0,6726.45,2025-12
ORD-00274,2024-04-15,CUS-0495,Customer 495,59.0,Male,Pune,Maharashtra,West,BEA-402,Hair Dryer,Beauty,1799,4.0,0.2,99,Credit Card,Direct,Delivered,4.0,2.0,5855.8,2024-04
ORD-00275,2025-08-27,CUS-0183,Customer 183,49.0,Female,Delhi,Delhi,North,HOM-203,Storage Organizer,Home & Living,699,1.0,0.1,99,Credit Card,Email,Delivered,4.0,6.0,728.1,2025-08
ORD-00276,2024-10-22,CUS-0431,Customer 431,43.0,Non-binary,Hyderabad,Telangana,South,HOM-202,LED Desk Lamp,Home & Living,999,2.0,0.2,0,UPI,Social Media,Cancelled,,,1598.4,2024-10
ORD-00277,2025-11-12,CUS-0085,Customer 85,56.0,Non-binary,Bengaluru,Karnataka,South,GRO-501,Coffee Beans,Grocery,549,3.0,0.2,0,Credit Card,Paid Search,Returned,,,1317.6000000000001,2025-11
ORD-00278,2024-03-27,CUS-0519,Customer 519,31.0,Non-binary,Chennai,Tamil Nadu,South,ELE-102,Bluetooth Speaker,Electronics,1899,4.0,0.05,49,Wallet,Referral,Returned,,,7265.2,2024-03
ORD-00279,2025-08-23,CUS-0234,Customer 234,43.0,Female,Delhi,Delhi,North,BEA-402,Hair Dryer,Beauty,1799,1.0,0.1,0,Debit Card,Organic Search,Delivered,5.0,7.0,1619.1000000000001,2025-08
ORD-00280,2025-09-10,CUS-0249,Customer 249,36.0,Female,Pune,Maharashtra,West,FAS-303,Backpack,Fashion,1499,1.0,0.0,79,UPI,Paid Search,Delivered,4.0,1.0,1578.0,2025-09
ORD-00281,2024-01-30,CUS-0420,Customer 420,34.0,Non-binary,Delhi,Delhi,North,FAS-302,Running Shoes,Fashion,2599,1.0,0.1,49,UPI,Paid Search,Delivered,3.0,5.0,2388.1,2024-01
ORD-00282,2024-02-26,CUS-0222,Customer 222,54.0,Non-binary,Delhi,Delhi,North,BEA-402,Hair Dryer,Beauty,1799,1.0,0.0,99,Debit Card,Direct,Delivered,4.0,1.0,1898.0,2024-02
ORD-00283,2024-03-13,CUS-0159,Customer 159,31.0,Non-binary,Delhi,Delhi,North,GRO-501,Coffee Beans,Grocery,549,4.0,0.1,99,Debit Card,Direct,Delivered,5.0,4.0,2075.4,2024-03
ORD-00284,2024-12-21,CUS-0077,Customer 77,64.0,Female,Delhi,Delhi,North,ELE-102,Bluetooth Speaker,Electronics,1899,4.0,0.05,79,Wallet,Social Media,Delivered,5.0,5.0,7295.2,2024-12
ORD-00285,2025-03-01,CUS-0243,Customer 243,36.0,Non-binary,Kolkata,West Bengal,East,HOM-201,Cotton Bedsheet,Home & Living,1199,2.0,0.0,79,Wallet,Organic Search,Delivered,3.0,4.0,2477.0,2025-03
ORD-00286,2024-03-22,CUS-0269,Customer 269,45.0,Male,Kolkata,West Bengal,East,ELE-101,Wireless Headphones,Electronics,2499,3.0,0.15,99,Debit Card,Email,Delivered,3.0,2.0,6471.45,2024-03
ORD-00287,2024-01-06,CUS-0205,Customer 205,37.0,Male,Mumbai,Maharashtra,West,BEA-401,Skin Care Kit,Beauty,1299,3.0,0.05,0,Credit Card,Organic Search,Cancelled,,,3702.1499999999996,2024-01
ORD-00288,2025-08-06,CUS-0022,Customer 22,47.0,Male,Jaipur,Rajasthan,North,BEA-401,Skin Care Kit,Beauty,1299,1.0,0.0,0,UPI,Referral,Delivered,4.0,6.0,1299.0,2025-08
ORD-00289,2025-04-30,CUS-0326,Customer 326,39.0,Non-binary,Kolkata,West Bengal,East,BEA-402,Hair Dryer,Beauty,1799,1.0,0.0,99,Wallet,Social Media,Delivered,3.0,6.0,1898.0,2025-04
ORD-00290,2024-03-24,CUS-0207,Customer 207,20.0,Non-binary,Jaipur,Rajasthan,North,ELE-102,Bluetooth Speaker,Electronics,1899,2.0,0.15,0,Wallet,Direct,Cancelled,,,3228.2999999999997,2024-03
ORD-00291,2024-01-01,CUS-0396,Customer 396,57.0,Female,Bengaluru,Karnataka,South,HOM-202,LED Desk Lamp,Home & Living,999,4.0,0.15,0,Cash on Delivery,Paid Search,Delivered,5.0,3.0,3396.6,2024-01
ORD-00292,2024-09-08,CUS-0325,Customer 325,18.0,Female,Mumbai,Maharashtra,West,ELE-102,Bluetooth Speaker,Electronics,1899,1.0,0.0,0,Cash on Delivery,Paid Search,Returned,,,1899.0,2024-09
ORD-00293,2024-12-26,CUS-0202,Customer 202,63.0,Male,Bhubaneswar,Odisha,East,ELE-101,Wireless Headphones,Electronics,2499,2.0,0.05,79,UPI,Email,Delivered,4.0,5.0,4827.099999999999,2024-12
ORD-00294,2024-02-19,CUS-0428,Customer 428,51.0,Male,Delhi,Delhi,North,FAS-302,Running Shoes,Fashion,2599,1.0,0.0,49,Wallet,Organic Search,Delivered,4.0,5.0,2648.0,2024-02
ORD-00295,2024-05-05,CUS-0055,Customer 55,19.0,Male,Pune,Maharashtra,West,HOM-201,Cotton Bedsheet,Home & Living,1199,3.0,0.05,0,Debit Card,Direct,Delivered,4.0,1.0,3417.1499999999996,2024-05
ORD-00296,2025-04-30,CUS-0300,Customer 300,19.0,Male,Bhubaneswar,Odisha,East,HOM-202,LED Desk Lamp,Home & Living,999,4.0,0.05,49,UPI,Direct,Delivered,3.0,8.0,3845.2,2025-04
ORD-00297,2025-06-10,CUS-0073,Customer 73,30.0,Female,Mumbai,Maharashtra,West,BEA-402,Hair Dryer,Beauty,1799,2.0,0.0,0,UPI,Referral,Delivered,4.0,2.0,3598.0,2025-06
ORD-00298,2025-02-24,CUS-0485,Customer 485,39.0,Non-binary,Kolkata,West Bengal,East,FAS-303,Backpack,Fashion,1499,4.0,0.0,99,Wallet,Referral,Returned,,,6095.0,2025-02
ORD-00299,2025-10-18,CUS-0055,Customer 55,64.0,Male,Mumbai,Maharashtra,West,FAS-301,Casual T-Shirt,Fashion,799,4.0,0.15,0,Wallet,Direct,Cancelled,,,2716.6,2025-10
ORD-00300,2025-06-20,CUS-0191,Customer 191,33.0,Female,Pune,Maharashtra,West,ELE-101,Wireless Headphones,Electronics,2499,4.0,0.15,79,Cash on Delivery,Organic Search,Delivered,4.0,1.0,8575.6,2025-06
ORD-00301,2024-11-22,CUS-0430,Customer 430,57.0,Male,Bhubaneswar,Odisha,East,ELE-103,Smart Watch,Electronics,4299,3.0,0.2,79,Cash on Delivery,Social Media,Delivered,5.0,6.0,10396.6,2024-11
ORD-00302,2025-03-01,CUS-0029,Customer 29,19.0,Non-binary,Mumbai,Maharashtra,West,BEA-402,Hair Dryer,Beauty,1799,2.0,0.1,79,Wallet,Email,Returned,,,3317.2000000000003,2025-03
ORD-00303,2025-11-29,CUS-0452,Customer 452,49.0,Female,Kolkata,West Bengal,East,FAS-302,Running Shoes,Fashion,2599,2.0,0.0,99,Debit Card,Email,Delivered,3.0,2.0,5297.0,2025-11
ORD-00304,2025-01-09,CUS-0107,Customer 107,56.0,Male,Mumbai,Maharashtra,West,HOM-201,Cotton Bedsheet,Home & Living,1199,2.0,0.2,79,Debit Card,Paid Search,Delivered,3.0,6.0,1997.4,2025-01
ORD-00305,2025-03-25,CUS-0384,Customer 384,27.0,Non-binary,Hyderabad,Telangana,South,HOM-201,Cotton Bedsheet,Home & Living,1199,1.0,0.05,0,Debit Card,Email,Returned,,,1139.05,2025-03
ORD-00306,2025-05-20,CUS-0371,Customer 371,29.0,Male,Mumbai,Maharashtra,West,ELE-102,Bluetooth Speaker,Electronics,1899,4.0,0.2,0,Cash on Delivery,Direct,Delivered,4.0,7.0,6076.8,2025-05
ORD-00307,2025-04-28,CUS-0401,Customer 401,52.0,Male,Jaipur,Rajasthan,North,GRO-501,Coffee Beans,Grocery,549,3.0,0.0,79,Wallet,Social Media,Delivered,3.0,1.0,1726.0,2025-04
ORD-00308,2024-03-27,CUS-0518,Customer 518,32.0,Male,Mumbai,Maharashtra,West,ELE-103,Smart Watch,Electronics,4299,4.0,0.2,49,UPI,Organic Search,Delivered,5.0,6.0,13805.800000000001,2024-03
ORD-00309,2024-06-27,CUS-0372,Customer 372,47.0,Male,Hyderabad,Telangana,South,FAS-301,Casual T-Shirt,Fashion,799,1.0,0.2,79,Cash on Delivery,Social Media,Delivered,5.0,2.0,718.2,2024-06
ORD-00310,2025-06-18,CUS-0494,Customer 494,44.0,Male,Hyderabad,Telangana,South,ELE-103,Smart Watch,Electronics,4299,2.0,0.0,79,Cash on Delivery,Direct,Delivered,4.0,2.0,8677.0,2025-06
ORD-00311,2024-02-16,CUS-0480,Customer 480,61.0,Female,Bhubaneswar,Odisha,East,FAS-302,Running Shoes,Fashion,2599,1.0,0.05,79,UPI,Organic Search,Returned,,,2548.0499999999997,2024-02
ORD-00312,2025-02-24,CUS-0244,Customer 244,57.0,Female,Bhubaneswar,Odisha,East,FAS-303,Backpack,Fashion,1499,3.0,0.15,0,UPI,Paid Search,Cancelled,,,3822.45,2025-02
ORD-00313,2025-03-05,CUS-0487,Customer 487,62.0,Female,Hyderabad,Telangana,South,ELE-102,Bluetooth Speaker,Electronics,1899,2.0,0.1,49,Debit Card,Referral,Delivered,3.0,6.0,3467.2000000000003,2025-03
ORD-00314,2024-02-13,CUS-0384,Customer 384,65.0,Female,Chennai,Tamil Nadu,South,FAS-301,Casual T-Shirt,Fashion,799,1.0,0.0,79,UPI,Email,Delivered,3.0,8.0,878.0,2024-02
ORD-00315,2024-12-05,CUS-0219,Customer 219,32.0,Female,Mumbai,Maharashtra,West,FAS-302,Running Shoes,Fashion,2599,3.0,0.1,0,Debit Card,Email,Returned,,,7017.3,2024-12
ORD-00316,2024-02-11,CUS-0333,Customer 333,60.0,Female,Jaipur,Rajasthan,North,GRO-501,Coffee Beans,Grocery,549,1.0,0.0,0,Wallet,Email,Delivered,4.0,8.0,549.0,2024-02
ORD-00317,2025-07-26,CUS-0289,Customer 289,44.0,Male,Delhi,Delhi,North,ELE-101,Wireless Headphones,Electronics,2499,3.0,0.0,79,Credit Card,Direct,Delivered,4.0,8.0,7576.0,2025-07
ORD-00318,2025-02-02,CUS-0379,Customer 379,64.0,Female,Delhi,Delhi,North,FAS-303,Backpack,Fashion,1499,4.0,0.1,0,Debit Card,Direct,Delivered,4.0,8.0,5396.400000000001,2025-02
ORD-00319,2025-12-27,CUS-0518,Customer 518,34.0,Non-binary,Bhubaneswar,Odisha,East,FAS-302,Running Shoes,Fashion,2599,2.0,0.1,99,Credit Card,Email,Delivered,3.0,4.0,4777.2,2025-12
ORD-00320,2024-06-01,CUS-0394,Customer 394,63.0,Non-binary,Delhi,Delhi,North,HOM-202,LED Desk Lamp,Home & Living,999,1.0,0.15,0,Debit Card,Paid Search,Cancelled,,,849.15,2024-06
ORD-00321,2024-01-11,CUS-0220,Customer 220,59.0,Male,Hyderabad,Telangana,South,FAS-301,Casual T-Shirt,Fashion,799,4.0,0.05,0,Cash on Delivery,Social Media,Delivered,3.0,2.0,3036.2,2024-01
ORD-00322,2025-01-11,CUS-0447,Customer 447,41.0,Female,Chennai,Tamil Nadu,South,HOM-203,Storage Organizer,Home & Living,699,4.0,0.0,99,Cash on Delivery,Paid Search,Returned,,,2895.0,2025-01
ORD-00323,2025-03-12,CUS-0152,Customer 152,23.0,Male,Hyderabad,Telangana,South,GRO-501,Coffee Beans,Grocery,549,4.0,0.0,99,Debit Card,Email,Delivered,3.0,5.0,2295.0,2025-03
ORD-00324,2025-06-05,CUS-0030,Customer 30,46.0,Male,Chennai,Tamil Nadu,South,FAS-301,Casual T-Shirt,Fashion,799,4.0,0.05,79,Wallet,Paid Search,Delivered,5.0,3.0,3115.2,2025-06
ORD-00325,2024-05-13,CUS-0503,Customer 503,62.0,Female,Bhubaneswar,Odisha,East,HOM-203,Storage Organizer,Home & Living,699,1.0,0.15,99,UPI,Email,Delivered,5.0,8.0,693.15,2024-05
ORD-00326,2025-08-21,CUS-0403,Customer 403,48.0,Male,Hyderabad,Telangana,South,GRO-501,Coffee Beans,Grocery,549,4.0,0.0,79,Debit Card,Organic Search,Returned,,,2275.0,2025-08
ORD-00327,2025-10-25,CUS-0491,Customer 491,37.0,Male,Hyderabad,Telangana,South,ELE-103,Smart Watch,Electronics,4299,1.0,0.0,0,Debit Card,Direct,Delivered,3.0,2.0,4299.0,2025-10
ORD-00328,2025-02-23,CUS-0188,Customer 188,61.0,Male,Bengaluru,Karnataka,South,FAS-302,Running Shoes,Fashion,2599,1.0,0.0,79,Debit Card,Organic Search,Returned,,,2678.0,2025-02
ORD-00329,2024-09-27,CUS-0439,Customer 439,44.0,Male,Bengaluru,Karnataka,South,BEA-401,Skin Care Kit,Beauty,1299,2.0,0.2,79,Credit Card,Email,Delivered,5.0,1.0,2157.4,2024-09
ORD-00330,2024-03-16,CUS-0162,Customer 162,27.0,Female,Bengaluru,Karnataka,South,ELE-103,Smart Watch,Electronics,4299,3.0,0.1,0,Wallet,Paid Search,Cancelled,,,11607.300000000001,2024-03
ORD-00331,2025-09-07,CUS-0198,Customer 198,43.0,Non-binary,Jaipur,Rajasthan,North,BEA-402,Hair Dryer,Beauty,1799,1.0,0.05,99,UPI,Social Media,Delivered,4.0,4.0,1808.05,2025-09
ORD-00332,2025-08-20,CUS-0318,Customer 318,38.0,Male,Pune,Maharashtra,West,ELE-103,Smart Watch,Electronics,4299,1.0,0.1,0,UPI,Email,Cancelled,,,3869.1,2025-08
ORD-00333,2025-12-22,CUS-0013,Customer 13,23.0,Non-binary,Chennai,Tamil Nadu,South,BEA-401,Skin Care Kit,Beauty,1299,3.0,0.0,79,Credit Card,Email,Delivered,4.0,7.0,3976.0,2025-12
ORD-00334,2025-08-18,CUS-0345,Customer 345,23.0,Male,Bengaluru,Karnataka,South,BEA-401,Skin Care Kit,Beauty,1299,3.0,0.0,79,Cash on Delivery,Organic Search,Delivered,3.0,6.0,3976.0,2025-08
ORD-00335,2025-12-15,CUS-0354,Customer 354,29.0,Non-binary,Delhi,Delhi,North,FAS-301,Casual T-Shirt,Fashion,799,4.0,0.15,0,Wallet,Organic Search,Delivered,4.0,5.0,2716.6,2025-12
ORD-00336,2024-10-25,CUS-0484,Customer 484,36.0,Female,Bengaluru,Karnataka,South,HOM-201,Cotton Bedsheet,Home & Living,1199,4.0,0.1,0,UPI,Social Media,Delivered,4.0,7.0,4316.400000000001,2024-10
ORD-00337,2024-03-09,CUS-0446,Customer 446,44.0,Male,Chennai,Tamil Nadu,South,FAS-302,Running Shoes,Fashion,2599,2.0,0.05,0,UPI,Referral,Delivered,5.0,4.0,4938.099999999999,2024-03
ORD-00338,2024-05-02,CUS-0377,Customer 377,45.0,Male,Jaipur,Rajasthan,North,HOM-201,Cotton Bedsheet,Home & Living,1199,2.0,0.1,99,Debit Card,Social Media,Delivered,3.0,6.0,2257.2000000000003,2024-05
ORD-00339,2024-07-14,CUS-0450,Customer 450,28.0,Male,Mumbai,Maharashtra,West,BEA-402,Hair Dryer,Beauty,1799,4.0,0.05,0,Credit Card,Organic Search,Cancelled,,,6836.2,2024-07
ORD-00340,2024-06-20,CUS-0398,Customer 398,40.0,Non-binary,Hyderabad,Telangana,South,BEA-402,Hair Dryer,Beauty,1799,2.0,0.05,0,Cash on Delivery,Organic Search,Delivered,5.0,8.0,3418.1,2024-06
ORD-00341,2025-10-09,CUS-0439,Customer 439,24.0,Female,Chennai,Tamil Nadu,South,BEA-402,Hair Dryer,Beauty,1799,4.0,0.0,0,Debit Card,Referral,Cancelled,,,7196.0,2025-10
ORD-00342,2025-11-10,CUS-0079,Customer 79,24.0,Non-binary,Mumbai,Maharashtra,West,FAS-301,Casual T-Shirt,Fashion,799,2.0,0.15,0,Cash on Delivery,Paid Search,Delivered,4.0,1.0,1358.3,2025-11
ORD-00343,2025-07-22,CUS-0141,Customer 141,25.0,Male,Chennai,Tamil Nadu,South,HOM-201,Cotton Bedsheet,Home & Living,1199,2.0,0.0,49,Wallet,Paid Search,Delivered,5.0,1.0,2447.0,2025-07
ORD-00344,2024-11-14,CUS-0120,Customer 120,63.0,Male,Chennai,Tamil Nadu,South,BEA-402,Hair Dryer,Beauty,1799,3.0,0.15,99,UPI,Referral,Delivered,4.0,5.0,4686.45,2024-11
ORD-00345,2024-11-16,CUS-0094,Customer 94,38.0,Female,Kolkata,West Bengal,East,BEA-402,Hair Dryer,Beauty,1799,2.0,0.05,49,Cash on Delivery,Social Media,Delivered,3.0,1.0,3467.1,2024-11
ORD-00346,2024-07-19,CUS-0459,Customer 459,61.0,Male,Bhubaneswar,Odisha,East,HOM-203,Storage Organizer,Home & Living,699,4.0,0.15,79,Wallet,Direct,Delivered,4.0,5.0,2455.6,2024-07
ORD-00347,2024-11-25,CUS-0227,Customer 227,60.0,Male,Bhubaneswar,Odisha,East,FAS-303,Backpack,Fashion,1499,1.0,0.0,99,Debit Card,Social Media,Delivered,4.0,7.0,1598.0,2024-11
ORD-00348,2024-07-19,CUS-0509,Customer 509,34.0,Male,Jaipur,Rajasthan,North,BEA-401,Skin Care Kit,Beauty,1299,3.0,0.1,0,Cash on Delivery,Referral,Cancelled,,,3507.3,2024-07
ORD-00349,2024-12-12,CUS-0060,Customer 60,36.0,Female,Bengaluru,Karnataka,South,HOM-201,Cotton Bedsheet,Home & Living,1199,2.0,0.1,0,Wallet,Organic Search,Returned,,,2158.2000000000003,2024-12
ORD-00350,2024-11-24,CUS-0033,Customer 33,54.0,Female,Jaipur,Rajasthan,North,ELE-103,Smart Watch,Electronics,4299,2.0,0.15,0,UPI,Paid Search,Delivered,4.0,5.0,7308.3,2024-11
ORD-00351,2024-12-05,CUS-0447,Customer 447,45.0,Female,Mumbai,Maharashtra,West,FAS-303,Backpack,Fashion,1499,3.0,0.1,49,Credit Card,Direct,Delivered,4.0,4.0,4096.3,2024-12
ORD-00352,2025-09-28,CUS-0304,Customer 304,33.0,Non-binary,Delhi,Delhi,North,FAS-302,Running Shoes,Fashion,2599,4.0,0.0,0,Credit Card,Social Media,Returned,,,10396.0,2025-09
ORD-00353,2025-07-27,CUS-0085,Customer 85,23.0,Non-binary,Chennai,Tamil Nadu,South,ELE-101,Wireless Headphones,Electronics,2499,2.0,0.0,49,Wallet,Organic Search,Delivered,3.0,3.0,5047.0,2025-07
ORD-00354,2024-11-11,CUS-0060,Customer 60,39.0,Non-binary,Jaipur,Rajasthan,North,ELE-102,Bluetooth Speaker,Electronics,1899,1.0,0.15,79,UPI,Direct,Delivered,4.0,3.0,1693.1499999999999,2024-11
ORD-00355,2024-02-21,CUS-0234,Customer 234,30.0,Male,Jaipur,Rajasthan,North,ELE-102,Bluetooth Speaker,Electronics,1899,3.0,0.2,0,Wallet,Email,Delivered,3.0,5.0,4557.6,2024-02
ORD-00356,2024-09-30,CUS-0182,Customer 182,19.0,Female,Pune,Maharashtra,West,FAS-303,Backpack,Fashion,1499,4.0,0.15,79,Wallet,Social Media,Delivered,3.0,2.0,5175.599999999999,2024-09
ORD-00357,2025-10-17,CUS-0359,Customer 359,48.0,Non-binary,Jaipur,Rajasthan,North,BEA-401,Skin Care Kit,Beauty,1299,2.0,0.05,0,Debit Card,Referral,Cancelled,,,2468.1,2025-10
ORD-00358,2025-03-18,CUS-0021,Customer 21,29.0,Male,Bengaluru,Karnataka,South,FAS-301,Casual T-Shirt,Fashion,799,2.0,0.0,0,Cash on Delivery,Email,Cancelled,,,1598.0,2025-03
ORD-00359,2024-12-28,CUS-0127,Customer 127,24.0,Male,Hyderabad,Telangana,South,ELE-102,Bluetooth Speaker,Electronics,1899,3.0,0.0,0,Wallet,Organic Search,Cancelled,,,5697.0,2024-12
ORD-00360,2025-08-15,CUS-0369,Customer 369,50.0,Female,Chennai,Tamil Nadu,South,HOM-202,LED Desk Lamp,Home & Living,999,4.0,0.15,99,Debit Card,Direct,Delivered,4.0,2.0,3495.6,2025-08
ORD-00361,2024-04-19,CUS-0381,Customer 381,63.0,Male,Hyderabad,Telangana,South,ELE-103,Smart Watch,Electronics,4299,3.0,0.05,99,Credit Card,Email,Delivered,3.0,8.0,12351.15,2024-04
ORD-00362,2024-07-09,CUS-0184,Customer 184,42.0,Female,Jaipur,Rajasthan,North,HOM-202,LED Desk Lamp,Home & Living,999,4.0,0.15,0,Debit Card,Organic Search,Delivered,5.0,3.0,3396.6,2024-07
ORD-00363,2024-11-10,CUS-0240,Customer 240,29.0,Non-binary,Hyderabad,Telangana,South,FAS-301,Casual T-Shirt,Fashion,799,1.0,0.2,0,Debit Card,Direct,Cancelled,,,639.2,2024-11
ORD-00364,2024-01-25,CUS-0379,Customer 379,39.0,Non-binary,Chennai,Tamil Nadu,South,BEA-402,Hair Dryer,Beauty,1799,2.0,0.05,79,UPI,Referral,Delivered,4.0,6.0,3497.1,2024-01
ORD-00365,2025-04-23,CUS-0262,Customer 262,21.0,Female,Jaipur,Rajasthan,North,HOM-201,Cotton Bedsheet,Home & Living,1199,2.0,0.0,79,Cash on Delivery,Social Media,Returned,,,2477.0,2025-04
ORD-00366,2024-08-03,CUS-0398,Customer 398,48.0,Male,Jaipur,Rajasthan,North,BEA-402,Hair Dryer,Beauty,1799,3.0,0.0,0,UPI,Paid Search,Cancelled,,,5397.0,2024-08
ORD-00367,2024-05-09,CUS-0252,Customer 252,36.0,Female,Hyderabad,Telangana,South,HOM-201,Cotton Bedsheet,Home & Living,1199,2.0,0.0,49,Cash on Delivery,Referral,Delivered,3.0,5.0,2447.0,2024-05
ORD-00368,2024-02-12,CUS-0147,Customer 147,59.0,Female,Pune,Maharashtra,West,ELE-102,Bluetooth Speaker,Electronics,1899,2.0,0.15,99,Wallet,Email,Delivered,3.0,6.0,3327.2999999999997,2024-02
ORD-00369,2024-12-19,CUS-0003,Customer 3,65.0,Non-binary,Chennai,Tamil Nadu,South,ELE-103,Smart Watch,Electronics,4299,1.0,0.0,49,UPI,Email,Delivered,4.0,4.0,4348.0,2024-12
ORD-00370,2024-04-07,CUS-0114,Customer 114,40.0,Male,Bengaluru,Karnataka,South,FAS-301,Casual T-Shirt,Fashion,799,2.0,0.1,0,Cash on Delivery,Referral,Cancelled,,,1438.2,2024-04
ORD-00371,2024-03-27,CUS-0410,Customer 410,62.0,Non-binary,Jaipur,Rajasthan,North,FAS-303,Backpack,Fashion,1499,1.0,0.0,79,Debit Card,Email,Delivered,4.0,2.0,1578.0,2024-03
ORD-00372,2025-03-21,CUS-0512,Customer 512,18.0,Female,Kolkata,West Bengal,East,HOM-201,Cotton Bedsheet,Home & Living,1199,2.0,0.15,99,Debit Card,Direct,Delivered,3.0,3.0,2137.3,2025-03
ORD-00373,2024-06-07,CUS-0291,Customer 291,51.0,Male,Delhi,Delhi,North,FAS-302,Running Shoes,Fashion,2599,2.0,0.05,0,UPI,Paid Search,Cancelled,,,4938.099999999999,2024-06
ORD-00374,2025-03-29,CUS-0194,Customer 194,61.0,Male,Jaipur,Rajasthan,North,FAS-303,Backpack,Fashion,1499,3.0,0.05,49,Cash on Delivery,Referral,Delivered,4.0,1.0,4321.15,2025-03
ORD-00375,2025-05-14,CUS-0147,Customer 147,46.0,Female,Hyderabad,Telangana,South,BEA-401,Skin Care Kit,Beauty,1299,4.0,0.0,0,Debit Card,Direct,Cancelled,,,5196.0,2025-05
ORD-00376,2024-10-14,CUS-0046,Customer 46,48.0,Male,Bhubaneswar,Odisha,East,ELE-102,Bluetooth Speaker,Electronics,1899,1.0,0.2,79,UPI,Paid Search,Delivered,5.0,2.0,1598.2,2024-10
ORD-00377,2024-09-27,CUS-0027,Customer 27,47.0,Male,Jaipur,Rajasthan,North,GRO-501,Coffee Beans,Grocery,549,1.0,0.1,99,UPI,Paid Search,Delivered,4.0,6.0,593.1,2024-09
ORD-00378,2025-03-24,CUS-0472,Customer 472,55.0,Female,Delhi,Delhi,North,ELE-101,Wireless Headphones,Electronics,2499,1.0,0.05,0,Cash on Delivery,Paid Search,Cancelled,,,2374.0499999999997,2025-03
ORD-00379,2024-11-30,CUS-0064,Customer 64,65.0,Female,Jaipur,Rajasthan,North,FAS-303,Backpack,Fashion,1499,2.0,0.2,0,Cash on Delivery,Social Media,Cancelled,,,2398.4,2024-11
ORD-00380,2025-04-22,CUS-0018,Customer 18,19.0,Male,Bengaluru,Karnataka,South,BEA-401,Skin Care Kit,Beauty,1299,3.0,0.1,0,Cash on Delivery,Direct,Returned,,,3507.3,2025-04
ORD-00381,2024-06-15,CUS-0141,Customer 141,54.0,Male,Pune,Maharashtra,West,HOM-203,Storage Organizer,Home & Living,699,1.0,0.0,49,Cash on Delivery,Email,Delivered,4.0,7.0,748.0,2024-06
ORD-00382,2024-03-19,CUS-0484,Customer 484,34.0,Female,Bhubaneswar,Odisha,East,HOM-203,Storage Organizer,Home & Living,699,3.0,0.15,49,Credit Card,Email,Delivered,3.0,4.0,1831.45,2024-03
ORD-00383,2025-11-25,CUS-0270,Customer 270,30.0,Non-binary,Kolkata,West Bengal,East,ELE-102,Bluetooth Speaker,Electronics,1899,2.0,0.15,79,UPI,Email,Delivered,5.0,1.0,3307.2999999999997,2025-11
ORD-00384,2025-09-28,CUS-0019,Customer 19,56.0,Non-binary,Mumbai,Maharashtra,West,ELE-102,Bluetooth Speaker,Electronics,1899,4.0,0.05,49,Cash on Delivery,Referral,Delivered,4.0,3.0,7265.2,2025-09
ORD-00385,2025-09-07,CUS-0147,Customer 147,48.0,Male,Hyderabad,Telangana,South,FAS-302,Running Shoes,Fashion,2599,4.0,0.0,0,Cash on Delivery,Direct,Delivered,3.0,1.0,10396.0,2025-09
ORD-00386,2025-07-16,CUS-0290,Customer 290,50.0,Female,Pune,Maharashtra,West,GRO-501,Coffee Beans,Grocery,549,1.0,0.15,0,Cash on Delivery,Referral,Delivered,3.0,8.0,466.65,2025-07
ORD-00387,2025-12-19,CUS-0048,Customer 48,51.0,Female,Pune,Maharashtra,West,GRO-501,Coffee Beans,Grocery,549,3.0,0.15,79,Cash on Delivery,Email,Delivered,4.0,8.0,1478.95,2025-12
ORD-00388,2024-05-18,CUS-0269,Customer 269,39.0,Male,Delhi,Delhi,North,HOM-202,LED Desk Lamp,Home & Living,999,1.0,0.05,49,UPI,Social Media,Delivered,5.0,4.0,998.05,2024-05
ORD-00389,2025-10-09,CUS-0186,Customer 186,64.0,Male,Kolkata,West Bengal,East,FAS-301,Casual T-Shirt,Fashion,799,3.0,0.15,49,Credit Card,Paid Search,Delivered,3.0,7.0,2086.45,2025-10
ORD-00390,2025-01-15,CUS-0380,Customer 380,42.0,Male,Mumbai,Maharashtra,West,BEA-401,Skin Care Kit,Beauty,1299,4.0,0.2,49,Credit Card,Referral,Delivered,4.0,3.0,4205.8,2025-01
ORD-00391,2025-09-25,CUS-0483,Customer 483,30.0,Male,Pune,Maharashtra,West,FAS-303,Backpack,Fashion,1499,3.0,0.1,99,Cash on Delivery,Direct,Delivered,3.0,8.0,4146.3,2025-09
ORD-00392,2024-07-07,CUS-0143,Customer 143,60.0,Male,Chennai,Tamil Nadu,South,GRO-501,Coffee Beans,Grocery,549,4.0,0.2,0,Wallet,Social Media,Delivered,4.0,3.0,1756.8000000000002,2024-07
ORD-00393,2025-11-25,CUS-0120,Customer 120,65.0,Non-binary,Kolkata,West Bengal,East,FAS-301,Casual T-Shirt,Fashion,799,4.0,0.05,0,Cash on Delivery,Social Media,Delivered,3.0,5.0,3036.2,2025-11
ORD-00394,2024-06-05,CUS-0098,Customer 98,41.0,Female,Pune,Maharashtra,West,HOM-203,Storage Organizer,Home & Living,699,1.0,0.05,0,Cash on Delivery,Social Media,Returned,,,664.05,2024-06
ORD-00395,2024-08-28,CUS-0037,Customer 37,59.0,Female,Delhi,Delhi,North,GRO-501,Coffee Beans,Grocery,549,3.0,0.05,79,Credit Card,Direct,Delivered,4.0,4.0,1643.6499999999999,2024-08
ORD-00396,2024-09-23,CUS-0109,Customer 109,62.0,Female,Jaipur,Rajasthan,North,HOM-202,LED Desk Lamp,Home & Living,999,2.0,0.2,79,UPI,Social Media,Delivered,5.0,2.0,1677.4,2024-09
ORD-00397,2025-01-27,CUS-0254,Customer 254,48.0,Male,Pune,Maharashtra,West,FAS-303,Backpack,Fashion,1499,4.0,0.0,0,Credit Card,Direct,Cancelled,,,5996.0,2025-01
ORD-00398,2025-05-15,CUS-0219,Customer 219,41.0,Female,Jaipur,Rajasthan,North,FAS-303,Backpack,Fashion,1499,4.0,0.2,49,UPI,Email,Delivered,3.0,7.0,4845.8,2025-05
ORD-00399,2024-06-08,CUS-0273,Customer 273,53.0,Female,Pune,Maharashtra,West,FAS-301,Casual T-Shirt,Fashion,799,2.0,0.05,99,Wallet,Email,Delivered,3.0,6.0,1617.1,2024-06
ORD-00400,2025-03-16,CUS-0346,Customer 346,45.0,Non-binary,Hyderabad,Telangana,South,ELE-103,Smart Watch,Electronics,4299,1.0,0.05,49,UPI,Organic Search,Delivered,4.0,6.0,4133.049999999999,2025-03
ORD-00401,2024-05-13,CUS-0407,Customer 407,59.0,Female,Delhi,Delhi,North,HOM-203,Storage Organizer,Home & Living,699,4.0,0.0,0,Wallet,Social Media,Returned,,,2796.0,2024-05
ORD-00402,2024-07-03,CUS-0226,Customer 226,45.0,Non-binary,Pune,Maharashtra,West,HOM-202,LED Desk Lamp,Home & Living,999,3.0,0.0,0,Wallet,Referral,Cancelled,,,2997.0,2024-07
ORD-00403,2025-11-23,CUS-0081,Customer 81,30.0,Female,Bengaluru,Karnataka,South,FAS-302,Running Shoes,Fashion,2599,4.0,0.15,99,Credit Card,Referral,Returned,,,8935.6,2025-11
ORD-00404,2024-04-22,CUS-0363,Customer 363,31.0,Female,Jaipur,Rajasthan,North,HOM-202,LED Desk Lamp,Home & Living,999,2.0,0.0,99,Cash on Delivery,Paid Search,Delivered,4.0,4.0,2097.0,2024-04
ORD-00405,2025-05-10,CUS-0420,Customer 420,49.0,Female,Jaipur,Rajasthan,North,BEA-401,Skin Care Kit,Beauty,1299,2.0,0.0,49,Credit Card,Referral,Delivered,3.0,3.0,2647.0,2025-05
ORD-00406,2024-04-21,CUS-0066,Customer 66,51.0,Female,Bengaluru,Karnataka,South,FAS-303,Backpack,Fashion,1499,1.0,0.2,49,Wallet,Email,Returned,,,1248.2,2024-04
ORD-00407,2025-11-21,CUS-0409,Customer 409,47.0,Male,Chennai,Tamil Nadu,South,HOM-201,Cotton Bedsheet,Home & Living,1199,4.0,0.0,79,Debit Card,Email,Returned,,,4875.0,2025-11
ORD-00408,2024-04-12,CUS-0296,Customer 296,58.0,Non-binary,Bengaluru,Karnataka,South,BEA-402,Hair Dryer,Beauty,1799,3.0,0.15,99,UPI,Organic Search,Delivered,4.0,2.0,4686.45,2024-04
ORD-00409,2024-06-27,CUS-0123,Customer 123,60.0,Male,Bhubaneswar,Odisha,East,ELE-102,Bluetooth Speaker,Electronics,1899,1.0,0.05,0,Cash on Delivery,Direct,Delivered,4.0,7.0,1804.05,2024-06
ORD-00410,2024-11-02,CUS-0297,Customer 297,46.0,Female,Delhi,Delhi,North,HOM-202,LED Desk Lamp,Home & Living,999,2.0,0.2,49,UPI,Referral,Delivered,4.0,1.0,1647.4,2024-11
ORD-00411,2025-03-22,CUS-0009,Customer 9,64.0,Male,Hyderabad,Telangana,South,ELE-102,Bluetooth Speaker,Electronics,1899,4.0,0.2,0,Wallet,Social Media,Delivered,5.0,1.0,6076.8,2025-03
ORD-00412,2025-07-14,CUS-0354,Customer 354,38.0,Female,Bhubaneswar,Odisha,East,FAS-303,Backpack,Fashion,1499,4.0,0.0,49,Wallet,Email,Cancelled,,,6045.0,2025-07
ORD-00413,2025-10-30,CUS-0071,Customer 71,65.0,Non-binary,Mumbai,Maharashtra,West,HOM-202,LED Desk Lamp,Home & Living,999,2.0,0.05,49,Credit Card,Referral,Delivered,5.0,7.0,1947.1,2025-10
ORD-00414,2025-01-27,CUS-0116,Customer 116,27.0,Male,Bengaluru,Karnataka,South,FAS-301,Casual T-Shirt,Fashion,799,3.0,0.0,99,Debit Card,Social Media,Delivered,5.0,7.0,2496.0,2025-01
ORD-00415,2025-01-28,CUS-0380,Customer 380,41.0,Non-binary,Hyderabad,Telangana,South,ELE-101,Wireless Headphones,Electronics,2499,1.0,0.1,79,Cash on Delivery,Paid Search,Delivered,5.0,2.0,2328.1,2025-01
ORD-00416,2024-09-26,CUS-0083,Customer 83,21.0,Non-binary,Bengaluru,Karnataka,South,ELE-102,Bluetooth Speaker,Electronics,1899,3.0,0.2,49,Credit Card,Direct,Delivered,4.0,3.0,4606.6,2024-09
ORD-00417,2025-11-19,CUS-0296,Customer 296,22.0,Non-binary,Pune,Maharashtra,West,HOM-201,Cotton Bedsheet,Home & Living,1199,2.0,0.0,79,Debit Card,Email,Delivered,5.0,8.0,2477.0,2025-11
ORD-00418,2025-06-14,CUS-0187,Customer 187,19.0,Male,Bhubaneswar,Odisha,East,BEA-401,Skin Care Kit,Beauty,1299,4.0,0.0,0,Debit Card,Email,Delivered,4.0,8.0,5196.0,2025-06
ORD-00419,2025-04-14,CUS-0283,Customer 283,32.0,Female,Mumbai,Maharashtra,West,ELE-103,Smart Watch,Electronics,4299,3.0,0.1,49,Cash on Delivery,Referral,Delivered,5.0,2.0,11656.300000000001,2025-04
ORD-00420,2024-12-20,CUS-0332,Customer 332,21.0,Non-binary,Pune,Maharashtra,West,HOM-201,Cotton Bedsheet,Home & Living,1199,3.0,0.0,0,Credit Card,Referral,Delivered,3.0,8.0,3597.0,2024-12
ORD-00421,2025-06-21,CUS-0069,Customer 69,58.0,Non-binary,Hyderabad,Telangana,South,ELE-101,Wireless Headphones,Electronics,2499,3.0,0.0,49,UPI,Direct,Returned,,,7546.0,2025-06
ORD-00422,2024-08-09,CUS-0159,Customer 159,50.0,Female,Delhi,Delhi,North,ELE-103,Smart Watch,Electronics,4299,2.0,0.2,99,Wallet,Paid Search,Delivered,4.0,2.0,6977.400000000001,2024-08
ORD-00423,2025-01-07,CUS-0077,Customer 77,64.0,Non-binary,Mumbai,Maharashtra,West,FAS-302,Running Shoes,Fashion,2599,4.0,0.15,79,Debit Card,Direct,Returned,,,8915.6,2025-01
ORD-00424,2025-06-07,CUS-0520,Customer 520,55.0,Male,Kolkata,West Bengal,East,FAS-301,Casual T-Shirt,Fashion,799,4.0,0.1,0,UPI,Social Media,Returned,,,2876.4,2025-06
ORD-00425,2025-03-11,CUS-0115,Customer 115,27.0,Female,Mumbai,Maharashtra,West,FAS-301,Casual T-Shirt,Fashion,799,2.0,0.05,0,Cash on Delivery,Paid Search,Delivered,4.0,2.0,1518.1,2025-03
ORD-00426,2024-09-29,CUS-0335,Customer 335,24.0,Non-binary,Delhi,Delhi,North,GRO-501,Coffee Beans,Grocery,549,2.0,0.0,0,Credit Card,Direct,Delivered,5.0,3.0,1098.0,2024-09
ORD-00427,2024-08-13,CUS-0258,Customer 258,47.0,Male,Mumbai,Maharashtra,West,HOM-203,Storage Organizer,Home & Living,699,3.0,0.0,49,UPI,Paid Search,Delivered,5.0,5.0,2146.0,2024-08
ORD-00428,2025-04-16,CUS-0231,Customer 231,55.0,Non-binary,Hyderabad,Telangana,South,FAS-301,Casual T-Shirt,Fashion,799,4.0,0.0,49,Credit Card,Social Media,Returned,,,3245.0,2025-04
ORD-00429,2024-07-09,CUS-0281,Customer 281,47.0,Male,Kolkata,West Bengal,East,FAS-301,Casual T-Shirt,Fashion,799,3.0,0.2,99,Debit Card,Organic Search,Delivered,4.0,1.0,2016.6000000000001,2024-07
ORD-00430,2024-06-11,CUS-0115,Customer 115,65.0,Male,Hyderabad,Telangana,South,ELE-103,Smart Watch,Electronics,4299,1.0,0.05,0,Wallet,Paid Search,Delivered,4.0,8.0,4084.0499999999997,2024-06
ORD-00431,2025-04-22,CUS-0461,Customer 461,59.0,Female,Pune,Maharashtra,West,GRO-501,Coffee Beans,Grocery,549,3.0,0.0,49,UPI,Paid Search,Returned,,,1696.0,2025-04
ORD-00432,2025-07-13,CUS-0400,Customer 400,55.0,Female,Delhi,Delhi,North,ELE-101,Wireless Headphones,Electronics,2499,3.0,0.0,49,Wallet,Direct,Delivered,5.0,2.0,7546.0,2025-07
ORD-00433,2024-10-20,CUS-0172,Customer 172,38.0,Male,Pune,Maharashtra,West,HOM-203,Storage Organizer,Home & Living,699,1.0,0.0,99,Debit Card,Referral,Delivered,3.0,7.0,798.0,2024-10
ORD-00434,2025-05-22,CUS-0367,Customer 367,22.0,Male,Chennai,Tamil Nadu,South,FAS-301,Casual T-Shirt,Fashion,799,4.0,0.2,49,Credit Card,Referral,Delivered,4.0,3.0,2605.8,2025-05
ORD-00435,2024-03-15,CUS-0077,Customer 77,40.0,Female,Bengaluru,Karnataka,South,FAS-301,Casual T-Shirt,Fashion,799,2.0,0.1,0,Credit Card,Organic Search,Delivered,3.0,2.0,1438.2,2024-03
ORD-00436,2024-01-14,CUS-0196,Customer 196,21.0,Male,Hyderabad,Telangana,South,FAS-303,Backpack,Fashion,1499,3.0,0.0,0,Debit Card,Direct,Returned,,,4497.0,2024-01
ORD-00437,2024-07-26,CUS-0510,Customer 510,42.0,Male,Bengaluru,Karnataka,South,GRO-501,Coffee Beans,Grocery,549,2.0,0.1,49,Cash on Delivery,Referral,Delivered,4.0,3.0,1037.2,2024-07
ORD-00438,2024-04-06,CUS-0286,Customer 286,54.0,Male,Kolkata,West Bengal,East,BEA-402,Hair Dryer,Beauty,1799,2.0,0.2,0,Wallet,Referral,Cancelled,,,2878.4,2024-04
ORD-00439,2024-02-22,CUS-0190,Customer 190,19.0,Non-binary,Kolkata,West Bengal,East,FAS-302,Running Shoes,Fashion,2599,4.0,0.0,0,UPI,Referral,Returned,,,10396.0,2024-02
ORD-00440,2024-04-16,CUS-0458,Customer 458,39.0,Female,Jaipur,Rajasthan,North,ELE-102,Bluetooth Speaker,Electronics,1899,3.0,0.0,99,Debit Card,Social Media,Delivered,5.0,1.0,5796.0,2024-04
ORD-00441,2025-03-25,CUS-0513,Customer 513,62.0,Female,Mumbai,Maharashtra,West,HOM-202,LED Desk Lamp,Home & Living,999,3.0,0.1,99,Wallet,Email,Delivered,4.0,5.0,2796.3,2025-03
ORD-00442,2025-01-27,CUS-0198,Customer 198,26.0,Female,Bhubaneswar,Odisha,East,HOM-202,LED Desk Lamp,Home & Living,999,3.0,0.1,99,Wallet,Email,Delivered,3.0,2.0,2796.3,2025-01
ORD-00443,2025-09-01,CUS-0508,Customer 508,31.0,Female,Pune,Maharashtra,West,HOM-201,Cotton Bedsheet,Home & Living,1199,3.0,0.15,0,Wallet,Organic Search,Cancelled,,,3057.45,2025-09
ORD-00444,2025-03-28,CUS-0114,Customer 114,65.0,Female,Jaipur,Rajasthan,North,FAS-303,Backpack,Fashion,1499,1.0,0.05,0,Cash on Delivery,Email,Delivered,4.0,1.0,1424.05,2025-03
ORD-00445,2025-02-20,CUS-0485,Customer 485,43.0,Non-binary,Mumbai,Maharashtra,West,BEA-402,Hair Dryer,Beauty,1799,4.0,0.1,99,Cash on Delivery,Social Media,Delivered,4.0,8.0,6575.400000000001,2025-02
ORD-00446,2024-01-31,CUS-0239,Customer 239,61.0,Female,Mumbai,Maharashtra,West,HOM-203,Storage Organizer,Home & Living,699,4.0,0.05,0,Wallet,Direct,Delivered,5.0,4.0,2656.2,2024-01
ORD-00447,2024-01-03,CUS-0107,Customer 107,60.0,Male,Delhi,Delhi,North,ELE-103,Smart Watch,Electronics,4299,1.0,0.15,99,Debit Card,Organic Search,Delivered,3.0,2.0,3753.15,2024-01
ORD-00448,2024-02-04,CUS-0169,Customer 169,24.0,Male,Bhubaneswar,Odisha,East,HOM-202,LED Desk Lamp,Home & Living,999,3.0,0.05,79,Cash on Delivery,Paid Search,Returned,,,2926.15,2024-02
ORD-00449,2025-02-03,CUS-0171,Customer 171,49.0,Non-binary,Bengaluru,Karnataka,South,HOM-201,Cotton Bedsheet,Home & Living,1199,2.0,0.1,79,UPI,Paid Search,Delivered,4.0,5.0,2237.2000000000003,2025-02
ORD-00450,2024-04-27,CUS-0190,Customer 190,60.0,Female,Bengaluru,Karnataka,South,BEA-401,Skin Care Kit,Beauty,1299,2.0,0.0,49,Credit Card,Organic Search,Delivered,4.0,2.0,2647.0,2024-04
ORD-00451,2025-04-28,CUS-0204,Customer 204,39.0,Female,Kolkata,West Bengal,East,HOM-201,Cotton Bedsheet,Home & Living,1199,1.0,0.05,99,UPI,Paid Search,Returned,,,1238.05,2025-04
ORD-00452,2024-11-01,CUS-0011,Customer 11,36.0,Male,Delhi,Delhi,North,BEA-401,Skin Care Kit,Beauty,1299,3.0,0.05,79,UPI,Organic Search,Delivered,4.0,5.0,3781.1499999999996,2024-11
ORD-00453,2024-05-17,CUS-0076,Customer 76,34.0,Male,Hyderabad,Telangana,South,ELE-103,Smart Watch,Electronics,4299,3.0,0.0,99,Cash on Delivery,Organic Search,Delivered,3.0,5.0,12996.0,2024-05
ORD-00454,2024-10-20,CUS-0514,Customer 514,61.0,Non-binary,Mumbai,Maharashtra,West,HOM-201,Cotton Bedsheet,Home & Living,1199,1.0,0.0,49,Credit Card,Social Media,Returned,,,1248.0,2024-10
ORD-00455,2025-01-20,CUS-0439,Customer 439,53.0,Male,Kolkata,West Bengal,East,GRO-501,Coffee Beans,Grocery,549,2.0,0.05,79,Debit Card,Referral,Delivered,5.0,6.0,1122.1,2025-01
ORD-00456,2025-03-09,CUS-0115,Customer 115,52.0,Female,Bhubaneswar,Odisha,East,FAS-303,Backpack,Fashion,1499,1.0,0.05,49,UPI,Social Media,Delivered,5.0,2.0,1473.05,2025-03
ORD-00457,2025-10-07,CUS-0421,Customer 421,42.0,Female,Chennai,Tamil Nadu,South,ELE-101,Wireless Headphones,Electronics,2499,1.0,0.2,79,Debit Card,Referral,Returned,,,2078.2,2025-10
ORD-00458,2025-04-11,CUS-0187,Customer 187,61.0,Male,Pune,Maharashtra,West,BEA-402,Hair Dryer,Beauty,1799,2.0,0.0,0,Wallet,Organic Search,Delivered,4.0,1.0,3598.0,2025-04
ORD-00459,2025-05-29,CUS-0116,Customer 116,30.0,Female,Bengaluru,Karnataka,South,GRO-501,Coffee Beans,Grocery,549,4.0,0.0,79,Debit Card,Direct,Returned,,,2275.0,2025-05
ORD-00460,2024-04-30,CUS-0343,Customer 343,39.0,Female,Bengaluru,Karnataka,South,HOM-202,LED Desk Lamp,Home & Living,999,1.0,0.2,49,Wallet,Paid Search,Returned,,,848.2,2024-04
ORD-00461,2024-09-24,CUS-0322,Customer 322,42.0,Male,Jaipur,Rajasthan,North,BEA-401,Skin Care Kit,Beauty,1299,1.0,0.0,49,UPI,Paid Search,Delivered,3.0,3.0,1348.0,2024-09
ORD-00462,2025-10-02,CUS-0052,Customer 52,43.0,Non-binary,Kolkata,West Bengal,East,BEA-402,Hair Dryer,Beauty,1799,2.0,0.0,79,Credit Card,Organic Search,Delivered,4.0,6.0,3677.0,2025-10
ORD-00463,2024-10-25,CUS-0187,Customer 187,20.0,Female,Jaipur,Rajasthan,North,ELE-102,Bluetooth Speaker,Electronics,1899,1.0,0.0,79,Wallet,Direct,Delivered,5.0,7.0,1978.0,2024-10
ORD-00464,2024-12-03,CUS-0092,Customer 92,32.0,Non-binary,Bengaluru,Karnataka,South,ELE-103,Smart Watch,Electronics,4299,4.0,0.05,0,Wallet,Organic Search,Delivered,4.0,5.0,16336.199999999999,2024-12
ORD-00465,2024-07-21,CUS-0504,Customer 504,25.0,Male,Mumbai,Maharashtra,West,ELE-103,Smart Watch,Electronics,4299,4.0,0.0,0,Wallet,Paid Search,Cancelled,,,17196.0,2024-07
ORD-00466,2024-07-15,CUS-0366,Customer 366,51.0,Non-binary,Kolkata,West Bengal,East,BEA-402,Hair Dryer,Beauty,1799,4.0,0.1,0,Debit Card,Email,Delivered,5.0,1.0,6476.400000000001,2024-07
ORD-00467,2025-05-30,CUS-0283,Customer 283,48.0,Non-binary,Chennai,Tamil Nadu,South,HOM-202,LED Desk Lamp,Home & Living,999,1.0,0.1,79,Wallet,Direct,Returned,,,978.1,2025-05
ORD-00468,2025-03-21,CUS-0301,Customer 301,22.0,Male,Mumbai,Maharashtra,West,ELE-103,Smart Watch,Electronics,4299,3.0,0.2,49,UPI,Email,Delivered,4.0,2.0,10366.6,2025-03
ORD-00469,2025-06-08,CUS-0287,Customer 287,19.0,Female,Bengaluru,Karnataka,South,HOM-201,Cotton Bedsheet,Home & Living,1199,1.0,0.1,79,Debit Card,Paid Search,Returned,,,1158.1000000000001,2025-06
ORD-00470,2024-04-08,CUS-0217,Customer 217,61.0,Female,Chennai,Tamil Nadu,South,HOM-203,Storage Organizer,Home & Living,699,3.0,0.2,49,Cash on Delivery,Organic Search,Delivered,3.0,6.0,1726.6000000000001,2024-04
ORD-00471,2025-01-30,CUS-0468,Customer 468,31.0,Female,Mumbai,Maharashtra,West,FAS-303,Backpack,Fashion,1499,1.0,0.0,49,Wallet,Organic Search,Delivered,5.0,8.0,1548.0,2025-01
ORD-00472,2025-03-08,CUS-0066,Customer 66,51.0,Female,Hyderabad,Telangana,South,HOM-203,Storage Organizer,Home & Living,699,3.0,0.0,49,Wallet,Paid Search,Delivered,4.0,8.0,2146.0,2025-03
ORD-00473,2024-10-12,CUS-0064,Customer 64,38.0,Non-binary,Bengaluru,Karnataka,South,BEA-401,Skin Care Kit,Beauty,1299,4.0,0.0,49,Credit Card,Referral,Delivered,3.0,4.0,5245.0,2024-10
ORD-00474,2024-11-07,CUS-0319,Customer 319,32.0,Female,Bhubaneswar,Odisha,East,FAS-303,Backpack,Fashion,1499,2.0,0.1,49,Debit Card,Social Media,Delivered,5.0,1.0,2747.2000000000003,2024-11
ORD-00475,2024-06-01,CUS-0145,Customer 145,64.0,Male,Mumbai,Maharashtra,West,ELE-102,Bluetooth Speaker,Electronics,1899,4.0,0.05,0,Wallet,Email,Returned,,,7216.2,2024-06
ORD-00476,2024-03-10,CUS-0308,Customer 308,55.0,Male,Hyderabad,Telangana,South,FAS-301,Casual T-Shirt,Fashion,799,4.0,0.0,79,Debit Card,Email,Delivered,4.0,4.0,3275.0,2024-03
ORD-00477,2025-02-11,CUS-0298,Customer 298,35.0,Non-binary,Kolkata,West Bengal,East,FAS-302,Running Shoes,Fashion,2599,4.0,0.0,79,Credit Card,Direct,Delivered,5.0,5.0,10475.0,2025-02
ORD-00478,2024-12-18,CUS-0382,Customer 382,20.0,Non-binary,Mumbai,Maharashtra,West,ELE-103,Smart Watch,Electronics,4299,3.0,0.15,99,Debit Card,Social Media,Delivered,5.0,7.0,11061.449999999999,2024-12
ORD-00479,2025-05-10,CUS-0043,Customer 43,24.0,Non-binary,Mumbai,Maharashtra,West,BEA-401,Skin Care Kit,Beauty,1299,4.0,0.2,49,Wallet,Direct,Delivered,3.0,1.0,4205.8,2025-05
ORD-00480,2024-08-12,CUS-0395,Customer 395,23.0,Female,Mumbai,Maharashtra,West,ELE-103,Smart Watch,Electronics,4299,3.0,0.05,79,Wallet,Direct,Delivered,4.0,3.0,12331.15,2024-08
ORD-00481,2025-03-05,CUS-0145,Customer 145,58.0,Non-binary,Mumbai,Maharashtra,West,FAS-301,Casual T-Shirt,Fashion,799,4.0,0.2,79,Debit Card,Organic Search,Delivered,3.0,5.0,2635.8,2025-03
ORD-00482,2025-09-22,CUS-0208,Customer 208,38.0,Non-binary,Pune,Maharashtra,West,ELE-101,Wireless Headphones,Electronics,2499,4.0,0.0,0,Credit Card,Email,Delivered,5.0,6.0,9996.0,2025-09
ORD-00483,2024-10-12,CUS-0229,Customer 229,48.0,Non-binary,Jaipur,Rajasthan,North,HOM-202,LED Desk Lamp,Home & Living,999,1.0,0.1,99,Cash on Delivery,Referral,Delivered,5.0,7.0,998.1,2024-10
ORD-00484,2025-05-07,CUS-0432,Customer 432,22.0,Male,Bhubaneswar,Odisha,East,HOM-203,Storage Organizer,Home & Living,699,3.0,0.2,49,Debit Card,Social Media,Delivered,4.0,1.0,1726.6000000000001,2025-05
ORD-00485,2024-06-30,CUS-0007,Customer 7,55.0,Non-binary,Pune,Maharashtra,West,BEA-401,Skin Care Kit,Beauty,1299,4.0,0.1,79,UPI,Email,Delivered,5.0,7.0,4755.400000000001,2024-06
ORD-00486,2025-04-05,CUS-0371,Customer 371,36.0,Female,Kolkata,West Bengal,East,HOM-201,Cotton Bedsheet,Home & Living,1199,2.0,0.0,0,UPI,Direct,Cancelled,,,2398.0,2025-04
ORD-00487,2025-01-28,CUS-0330,Customer 330,46.0,Female,Kolkata,West Bengal,East,FAS-301,Casual T-Shirt,Fashion,799,2.0,0.0,0,Credit Card,Email,Returned,,,1598.0,2025-01
ORD-00488,2025-11-26,CUS-0321,Customer 321,56.0,Non-binary,Jaipur,Rajasthan,North,BEA-401,Skin Care Kit,Beauty,1299,4.0,0.05,0,Credit Card,Social Media,Cancelled,,,4936.2,2025-11
ORD-00490,2025-05-25,CUS-0459,Customer 459,29.0,Male,Mumbai,Maharashtra,West,HOM-202,LED Desk Lamp,Home & Living,999,3.0,0.05,49,Credit Card,Email,Delivered,3.0,2.0,2896.15,2025-05
ORD-00491,2025-05-14,CUS-0016,Customer 16,64.0,Female,Bhubaneswar,Odisha,East,HOM-201,Cotton Bedsheet,Home & Living,1199,2.0,0.0,79,Credit Card,Direct,Delivered,5.0,3.0,2477.0,2025-05
ORD-00492,2024-04-11,CUS-0006,Customer 6,26.0,Female,Pune,Maharashtra,West,HOM-202,LED Desk Lamp,Home & Living,999,3.0,0.05,99,Credit Card,Email,Delivered,5.0,2.0,2946.15,2024-04
ORD-00493,2025-04-03,CUS-0055,Customer 55,27.0,Female,Bengaluru,Karnataka,South,HOM-201,Cotton Bedsheet,Home & Living,1199,3.0,0.2,99,Cash on Delivery,Paid Search,Delivered,3.0,6.0,2976.6000000000004,2025-04
ORD-00494,2025-10-06,CUS-0385,Customer 385,39.0,Female,Bhubaneswar,Odisha,East,BEA-401,Skin Care Kit,Beauty,1299,4.0,0.0,99,Credit Card,Direct,Delivered,4.0,4.0,5295.0,2025-10
ORD-00495,2025-04-11,CUS-0151,Customer 151,56.0,Non-binary,Hyderabad,Telangana,South,HOM-202,LED Desk Lamp,Home & Living,999,4.0,0.15,99,UPI,Social Media,Delivered,3.0,1.0,3495.6,2025-04
ORD-00496,2025-02-26,CUS-0208,Customer 208,40.0,Male,Delhi,Delhi,North,BEA-401,Skin Care Kit,Beauty,1299,2.0,0.1,0,UPI,Direct,Cancelled,,,2338.2000000000003,2025-02
ORD-00497,2025-05-15,CUS-0213,Customer 213,60.0,Female,Mumbai,Maharashtra,West,FAS-303,Backpack,Fashion,1499,1.0,0.1,79,Cash on Delivery,Email,Delivered,5.0,2.0,1428.1000000000001,2025-05
ORD-00498,2024-02-17,CUS-0296,Customer 296,64.0,Female,Hyderabad,Telangana,South,GRO-501,Coffee Beans,Grocery,549,4.0,0.0,0,UPI,Direct,Cancelled,,,2196.0,2024-02
ORD-00499,2024-08-28,CUS-0353,Customer 353,25.0,Male,Kolkata,West Bengal,East,ELE-102,Bluetooth Speaker,Electronics,1899,2.0,0.15,99,Cash on Delivery,Paid Search,Delivered,4.0,8.0,3327.2999999999997,2024-08
ORD-00500,2025-05-15,CUS-0472,Customer 472,18.0,Female,Bhubaneswar,Odisha,East,HOM-203,Storage Organizer,Home & Living,699,2.0,0.05,79,Cash on Delivery,Social Media,Delivered,5.0,5.0,1407.1,2025-05
ORD-00501,2024-06-25,CUS-0086,Customer 86,59.0,Male,Jaipur,Rajasthan,North,GRO-501,Coffee Beans,Grocery,549,4.0,0.0,0,Cash on Delivery,Referral,Delivered,4.0,6.0,2196.0,2024-06
ORD-00502,2025-02-26,CUS-0389,Customer 389,56.0,Female,Kolkata,West Bengal,East,FAS-301,Casual T-Shirt,Fashion,799,1.0,0.0,0,Credit Card,Email,Delivered,4.0,8.0,799.0,2025-02
ORD-00503,2024-08-22,CUS-0108,Customer 108,60.0,Female,Bengaluru,Karnataka,South,BEA-401,Skin Care Kit,Beauty,1299,4.0,0.0,0,UPI,Referral,Delivered,4.0,6.0,5196.0,2024-08
ORD-00504,2025-08-25,CUS-0244,Customer 244,60.0,Male,Bhubaneswar,Odisha,East,FAS-302,Running Shoes,Fashion,2599,3.0,0.05,79,Debit Card,Direct,Delivered,5.0,6.0,7486.15,2025-08
ORD-00505,2024-06-15,CUS-0003,Customer 3,58.0,Female,Chennai,Tamil Nadu,South,FAS-302,Running Shoes,Fashion,2599,1.0,0.15,49,Wallet,Direct,Delivered,5.0,1.0,2258.15,2024-06
ORD-00506,2025-01-26,CUS-0516,Customer 516,24.0,Male,Jaipur,Rajasthan,North,BEA-401,Skin Care Kit,Beauty,1299,4.0,0.05,0,Debit Card,Email,Cancelled,,,4936.2,2025-01
ORD-00507,2025-12-12,CUS-0058,Customer 58,20.0,Male,Kolkata,West Bengal,East,FAS-302,Running Shoes,Fashion,2599,4.0,0.15,79,Wallet,Social Media,Delivered,3.0,2.0,8915.6,2025-12
ORD-00508,2025-10-08,CUS-0121,Customer 121,61.0,Female,Pune,Maharashtra,West,BEA-401,Skin Care Kit,Beauty,1299,2.0,0.0,99,UPI,Organic Search,Delivered,4.0,8.0,2697.0,2025-10
ORD-00509,2025-08-08,CUS-0228,Customer 228,39.0,Non-binary,Jaipur,Rajasthan,North,BEA-402,Hair Dryer,Beauty,1799,4.0,0.0,0,UPI,Referral,Delivered,5.0,4.0,7196.0,2025-08
ORD-00510,2025-10-01,CUS-0410,Customer 410,24.0,Male,Pune,Maharashtra,West,HOM-201,Cotton Bedsheet,Home & Living,1199,3.0,0.15,0,Cash on Delivery,Paid Search,Delivered,4.0,3.0,3057.45,2025-10
ORD-00511,2025-11-08,CUS-0488,Customer 488,38.0,Non-binary,Kolkata,West Bengal,East,BEA-401,Skin Care Kit,Beauty,1299,1.0,0.0,0,Debit Card,Referral,Cancelled,,,1299.0,2025-11
ORD-00512,2024-01-07,CUS-0498,Customer 498,24.0,Male,Delhi,Delhi,North,HOM-203,Storage Organizer,Home & Living,699,4.0,0.05,0,Debit Card,Paid Search,Delivered,4.0,7.0,2656.2,2024-01
ORD-00513,2024-05-09,CUS-0016,Customer 16,41.0,Non-binary,Bengaluru,Karnataka,South,BEA-402,Hair Dryer,Beauty,1799,2.0,0.2,49,Wallet,Social Media,Delivered,4.0,3.0,2927.4,2024-05
ORD-00514,2024-06-06,CUS-0365,Customer 365,18.0,Female,Chennai,Tamil Nadu,South,ELE-103,Smart Watch,Electronics,4299,3.0,0.2,99,Credit Card,Email,Returned,,,10416.6,2024-06
ORD-00515,2025-01-19,CUS-0005,Customer 5,28.0,Female,Jaipur,Rajasthan,North,HOM-202,LED Desk Lamp,Home & Living,999,1.0,0.05,0,Debit Card,Paid Search,Cancelled,,,949.05,2025-01
ORD-00516,2024-09-10,CUS-0229,Customer 229,54.0,Male,Bengaluru,Karnataka,South,HOM-202,LED Desk Lamp,Home & Living,999,3.0,0.0,99,Cash on Delivery,Referral,Delivered,5.0,1.0,3096.0,2024-09
ORD-00517,2025-10-12,CUS-0406,Customer 406,32.0,Non-binary,Jaipur,Rajasthan,North,ELE-102,Bluetooth Speaker,Electronics,1899,3.0,0.0,99,UPI,Paid Search,Delivered,4.0,1.0,5796.0,2025-10
ORD-00518,2024-05-12,CUS-0148,Customer 148,53.0,Female,Bengaluru,Karnataka,South,FAS-301,Casual T-Shirt,Fashion,799,4.0,0.0,79,Cash on Delivery,Paid Search,Delivered,4.0,4.0,3275.0,2024-05
ORD-00519,2025-02-25,CUS-0125,Customer 125,63.0,Male,Hyderabad,Telangana,South,FAS-301,Casual T-Shirt,Fashion,799,1.0,0.1,99,UPI,Social Media,Delivered,4.0,8.0,818.1,2025-02
ORD-00520,2024-04-01,CUS-0501,Customer 501,62.0,Male,Mumbai,Maharashtra,West,HOM-202,LED Desk Lamp,Home & Living,999,1.0,0.0,49,Debit Card,Organic Search,Returned,,,1048.0,2024-04
ORD-00521,2025-10-27,CUS-0474,Customer 474,59.0,Female,Bhubaneswar,Odisha,East,ELE-103,Smart Watch,Electronics,4299,4.0,0.0,49,Credit Card,Direct,Delivered,5.0,8.0,17245.0,2025-10
ORD-00522,2024-02-14,CUS-0497,Customer 497,38.0,Female,Pune,Maharashtra,West,BEA-402,Hair Dryer,Beauty,1799,1.0,0.1,99,Wallet,Email,Delivered,5.0,7.0,1718.1000000000001,2024-02
ORD-00523,2025-06-02,CUS-0189,Customer 189,46.0,Non-binary,Bengaluru,Karnataka,South,BEA-402,Hair Dryer,Beauty,1799,2.0,0.05,79,Credit Card,Social Media,Delivered,4.0,4.0,3497.1,2025-06
ORD-00524,2025-04-22,CUS-0477,Customer 477,22.0,Non-binary,Chennai,Tamil Nadu,South,FAS-301,Casual T-Shirt,Fashion,799,3.0,0.1,99,Cash on Delivery,Paid Search,Delivered,3.0,5.0,2256.3,2025-04
ORD-00525,2024-08-15,CUS-0092,Customer 92,25.0,Male,Mumbai,Maharashtra,West,ELE-102,Bluetooth Speaker,Electronics,1899,1.0,0.2,49,Wallet,Referral,Returned,,,1568.2,2024-08
ORD-00526,2024-02-02,CUS-0150,Customer 150,48.0,Male,Kolkata,West Bengal,East,HOM-203,Storage Organizer,Home & Living,699,1.0,0.1,99,Credit Card,Direct,Delivered,3.0,5.0,728.1,2024-02
ORD-00527,2024-02-17,CUS-0414,Customer 414,20.0,Non-binary,Hyderabad,Telangana,South,ELE-102,Bluetooth Speaker,Electronics,1899,3.0,0.2,49,Cash on Delivery,Social Media,Delivered,4.0,1.0,4606.6,2024-02
ORD-00528,2025-03-08,CUS-0302,Customer 302,42.0,Female,Hyderabad,Telangana,South,FAS-301,Casual T-Shirt,Fashion,799,2.0,0.2,79,Cash on Delivery,Social Media,Delivered,4.0,8.0,1357.4,2025-03
ORD-00529,2024-12-09,CUS-0219,Customer 219,35.0,Female,Chennai,Tamil Nadu,South,HOM-201,Cotton Bedsheet,Home & Living,1199,3.0,0.0,49,Cash on Delivery,Organic Search,Delivered,3.0,5.0,3646.0,2024-12
ORD-00530,2024-02-11,CUS-0098,Customer 98,57.0,Female,Pune,Maharashtra,West,HOM-203,Storage Organizer,Home & Living,699,3.0,0.05,0,Cash on Delivery,Organic Search,Delivered,3.0,2.0,1992.1499999999999,2024-02
ORD-00531,2024-04-14,CUS-0195,Customer 195,48.0,Male,Hyderabad,Telangana,South,HOM-202,LED Desk Lamp,Home & Living,999,4.0,0.15,99,Credit Card,Direct,Delivered,4.0,4.0,3495.6,2024-04
ORD-00532,2025-07-26,CUS-0225,Customer 225,54.0,Non-binary,Hyderabad,Telangana,South,HOM-202,LED Desk Lamp,Home & Living,999,3.0,0.15,0,Credit Card,Social Media,Delivered,3.0,3.0,2547.45,2025-07
ORD-00533,2024-05-31,CUS-0261,Customer 261,33.0,Female,Kolkata,West Bengal,East,ELE-102,Bluetooth Speaker,Electronics,1899,2.0,0.15,0,Wallet,Organic Search,Delivered,4.0,5.0,3228.2999999999997,2024-05
ORD-00534,2025-12-13,CUS-0310,Customer 310,27.0,Non-binary,Bengaluru,Karnataka,South,BEA-402,Hair Dryer,Beauty,1799,1.0,0.15,49,Debit Card,Email,Returned,,,1578.1499999999999,2025-12
ORD-00535,2024-08-02,CUS-0099,Customer 99,47.0,Male,Bhubaneswar,Odisha,East,HOM-202,LED Desk Lamp,Home & Living,999,1.0,0.0,99,Wallet,Social Media,Delivered,4.0,4.0,1098.0,2024-08
ORD-00536,2024-11-09,CUS-0487,Customer 487,23.0,Non-binary,Kolkata,West Bengal,East,HOM-203,Storage Organizer,Home & Living,699,1.0,0.2,0,Debit Card,Paid Search,Delivered,5.0,7.0,559.2,2024-11
ORD-00537,2024-08-18,CUS-0062,Customer 62,32.0,Female,Chennai,Tamil Nadu,South,HOM-203,Storage Organizer,Home & Living,699,4.0,0.0,0,Wallet,Referral,Delivered,3.0,7.0,2796.0,2024-08
ORD-00538,2025-03-27,CUS-0033,Customer 33,47.0,Male,Pune,Maharashtra,West,HOM-203,Storage Organizer,Home & Living,699,2.0,0.1,49,UPI,Referral,Delivered,3.0,2.0,1307.2,2025-03
ORD-00539,2024-09-28,CUS-0078,Customer 78,37.0,Female,Pune,Maharashtra,West,HOM-201,Cotton Bedsheet,Home & Living,1199,4.0,0.0,99,Debit Card,Referral,Delivered,5.0,4.0,4895.0,2024-09
ORD-00540,2025-03-15,CUS-0368,Customer 368,19.0,Female,Bengaluru,Karnataka,South,FAS-302,Running Shoes,Fashion,2599,3.0,0.05,79,Credit Card,Organic Search,Delivered,4.0,8.0,7486.15,2025-03
ORD-00541,2025-12-05,CUS-0139,Customer 139,45.0,Male,Jaipur,Rajasthan,North,FAS-301,Casual T-Shirt,Fashion,799,1.0,0.0,79,Debit Card,Organic Search,Delivered,4.0,7.0,878.0,2025-12
ORD-00542,2024-11-14,CUS-0141,Customer 141,49.0,Male,Mumbai,Maharashtra,West,GRO-501,Coffee Beans,Grocery,549,1.0,0.0,99,Debit Card,Referral,Delivered,3.0,8.0,648.0,2024-11
ORD-00543,2025-09-12,CUS-0250,Customer 250,52.0,Non-binary,Delhi,Delhi,North,ELE-103,Smart Watch,Electronics,4299,1.0,0.0,49,Credit Card,Social Media,Delivered,5.0,2.0,4348.0,2025-09
ORD-00544,2025-03-22,CUS-0191,Customer 191,31.0,Male,Chennai,Tamil Nadu,South,ELE-101,Wireless Headphones,Electronics,2499,2.0,0.2,49,UPI,Paid Search,Delivered,3.0,8.0,4047.4,2025-03
ORD-00545,2025-06-13,CUS-0088,Customer 88,51.0,Male,Delhi,Delhi,North,HOM-203,Storage Organizer,Home & Living,699,3.0,0.2,0,Debit Card,Email,Delivered,4.0,8.0,1677.6000000000001,2025-06
ORD-00546,2025-12-30,CUS-0287,Customer 287,23.0,Female,Bengaluru,Karnataka,South,BEA-402,Hair Dryer,Beauty,1799,1.0,0.1,99,UPI,Referral,Returned,,,1718.1000000000001,2025-12
ORD-00547,2025-04-30,CUS-0108,Customer 108,28.0,Male,Bhubaneswar,Odisha,East,HOM-201,Cotton Bedsheet,Home & Living,1199,4.0,0.0,79,UPI,Referral,Delivered,4.0,6.0,4875.0,2025-04
ORD-00548,2024-06-18,CUS-0060,Customer 60,63.0,Male,Kolkata,West Bengal,East,ELE-101,Wireless Headphones,Electronics,2499,3.0,0.0,99,Cash on Delivery,Referral,Delivered,4.0,6.0,7596.0,2024-06
ORD-00549,2025-06-26,CUS-0510,Customer 510,57.0,Non-binary,Jaipur,Rajasthan,North,BEA-402,Hair Dryer,Beauty,1799,1.0,0.0,49,UPI,Organic Search,Delivered,3.0,8.0,1848.0,2025-06
ORD-00550,2025-01-31,CUS-0124,Customer 124,59.0,Female,Delhi,Delhi,North,FAS-301,Casual T-Shirt,Fashion,799,2.0,0.15,99,Debit Card,Email,Delivered,3.0,4.0,1457.3,2025-01
ORD-00551,2025-11-22,CUS-0023,Customer 23,23.0,Male,Hyderabad,Telangana,South,ELE-101,Wireless Headphones,Electronics,2499,2.0,0.2,49,Credit Card,Paid Search,Delivered,4.0,8.0,4047.4,2025-11
ORD-00552,2024-06-14,CUS-0371,Customer 371,50.0,Non-binary,Hyderabad,Telangana,South,ELE-101,Wireless Headphones,Electronics,2499,3.0,0.15,49,Credit Card,Paid Search,Delivered,3.0,1.0,6421.45,2024-06
ORD-00553,2025-11-02,CUS-0261,Customer 261,60.0,Female,Hyderabad,Telangana,South,ELE-101,Wireless Headphones,Electronics,2499,4.0,0.15,79,Wallet,Email,Delivered,3.0,2.0,8575.6,2025-11
ORD-00554,2025-08-27,CUS-0433,Customer 433,65.0,Male,Bengaluru,Karnataka,South,FAS-301,Casual T-Shirt,Fashion,799,4.0,0.1,99,Cash on Delivery,Organic Search,Delivered,3.0,2.0,2975.4,2025-08
ORD-00555,2024-04-29,CUS-0402,Customer 402,55.0,Female,Pune,Maharashtra,West,HOM-203,Storage Organizer,Home & Living,699,1.0,0.0,79,Wallet,Social Media,Delivered,4.0,2.0,778.0,2024-04
ORD-00556,2025-06-28,CUS-0510,Customer 510,42.0,Male,Bengaluru,Karnataka,South,BEA-402,Hair Dryer,Beauty,1799,4.0,0.15,0,UPI,Referral,Cancelled,,,6116.599999999999,2025-06
ORD-00557,2025-08-02,CUS-0244,Customer 244,55.0,Female,Mumbai,Maharashtra,West,GRO-501,Coffee Beans,Grocery,549,2.0,0.2,0,Cash on Delivery,Social Media,Returned,,,878.4000000000001,2025-08
ORD-00558,2025-07-29,CUS-0246,Customer 246,24.0,Non-binary,Mumbai,Maharashtra,West,HOM-203,Storage Organizer,Home & Living,699,1.0,0.05,0,Debit Card,Direct,Cancelled,,,664.05,2025-07
ORD-00559,2025-05-28,CUS-0408,Customer 408,30.0,Female,Pune,Maharashtra,West,FAS-302,Running Shoes,Fashion,2599,3.0,0.2,99,Cash on Delivery,Organic Search,Returned,,,6336.6,2025-05
ORD-00560,2024-10-19,CUS-0468,Customer 468,59.0,Female,Bhubaneswar,Odisha,East,BEA-401,Skin Care Kit,Beauty,1299,4.0,0.2,79,Debit Card,Organic Search,Delivered,4.0,2.0,4235.8,2024-10
ORD-00561,2025-02-25,CUS-0414,Customer 414,31.0,Male,Mumbai,Maharashtra,West,FAS-303,Backpack,Fashion,1499,3.0,0.05,79,Cash on Delivery,Organic Search,Delivered,3.0,8.0,4351.15,2025-02
ORD-00562,2025-06-23,CUS-0445,Customer 445,36.0,Female,Jaipur,Rajasthan,North,BEA-401,Skin Care Kit,Beauty,1299,1.0,0.1,0,Cash on Delivery,Organic Search,Delivered,4.0,6.0,1169.1000000000001,2025-06
ORD-00563,2025-04-03,CUS-0386,Customer 386,23.0,Male,Chennai,Tamil Nadu,South,ELE-101,Wireless Headphones,Electronics,2499,4.0,0.2,49,UPI,Organic Search,Delivered,5.0,6.0,8045.8,2025-04
ORD-00564,2025-08-03,CUS-0246,Customer 246,49.0,Male,Bengaluru,Karnataka,South,FAS-301,Casual T-Shirt,Fashion,799,3.0,0.05,0,Cash on Delivery,Social Media,Cancelled,,,2277.15,2025-08
ORD-00565,2024-07-10,CUS-0321,Customer 321,46.0,Non-binary,Hyderabad,Telangana,South,FAS-301,Casual T-Shirt,Fashion,799,1.0,0.0,79,UPI,Social Media,Delivered,4.0,8.0,878.0,2024-07
ORD-00566,2024-05-25,CUS-0393,Customer 393,23.0,Non-binary,Hyderabad,Telangana,South,HOM-201,Cotton Bedsheet,Home & Living,1199,1.0,0.0,99,Wallet,Paid Search,Returned,,,1298.0,2024-05
ORD-00567,2025-07-19,CUS-0312,Customer 312,37.0,Male,Kolkata,West Bengal,East,FAS-301,Casual T-Shirt,Fashion,799,3.0,0.0,49,UPI,Email,Delivered,5.0,8.0,2446.0,2025-07
ORD-00568,2025-08-13,CUS-0335,Customer 335,38.0,Non-binary,Delhi,Delhi,North,GRO-501,Coffee Beans,Grocery,549,3.0,0.05,0,Debit Card,Direct,Returned,,,1564.6499999999999,2025-08
ORD-00569,2025-08-18,CUS-0310,Customer 310,63.0,Female,Hyderabad,Telangana,South,BEA-401,Skin Care Kit,Beauty,1299,3.0,0.05,79,Wallet,Email,Delivered,4.0,5.0,3781.1499999999996,2025-08
ORD-00570,2025-12-07,CUS-0436,Customer 436,36.0,Male,Chennai,Tamil Nadu,South,ELE-101,Wireless Headphones,Electronics,2499,2.0,0.15,99,UPI,Organic Search,Returned,,,4347.3,2025-12
ORD-00571,2025-06-08,CUS-0451,Customer 451,64.0,Female,Pune,Maharashtra,West,HOM-203,Storage Organizer,Home & Living,699,3.0,0.05,49,Credit Card,Organic Search,Delivered,4.0,7.0,2041.1499999999999,2025-06
ORD-00572,2024-10-02,CUS-0287,Customer 287,35.0,Male,Delhi,Delhi,North,HOM-203,Storage Organizer,Home & Living,699,1.0,0.1,79,UPI,Email,Delivered,3.0,1.0,708.1,2024-10
ORD-00573,2024-12-18,CUS-0241,Customer 241,36.0,Male,Hyderabad,Telangana,South,FAS-301,Casual T-Shirt,Fashion,799,4.0,0.05,49,UPI,Paid Search,Delivered,3.0,5.0,3085.2,2024-12
ORD-00574,2024-03-07,CUS-0158,Customer 158,30.0,Female,Jaipur,Rajasthan,North,BEA-402,Hair Dryer,Beauty,1799,3.0,0.2,99,Cash on Delivery,Organic Search,Returned,,,4416.6,2024-03
ORD-00575,2024-10-06,CUS-0398,Customer 398,18.0,Male,Pune,Maharashtra,West,HOM-201,Cotton Bedsheet,Home & Living,1199,2.0,0.15,49,UPI,Paid Search,Delivered,4.0,5.0,2087.3,2024-10
ORD-00576,2024-08-19,CUS-0481,Customer 481,53.0,Male,Pune,Maharashtra,West,HOM-202,LED Desk Lamp,Home & Living,999,4.0,0.0,79,Debit Card,Social Media,Delivered,4.0,5.0,4075.0,2024-08
ORD-00577,2024-11-18,CUS-0077,Customer 77,52.0,Non-binary,Mumbai,Maharashtra,West,HOM-201,Cotton Bedsheet,Home & Living,1199,4.0,0.05,49,UPI,Organic Search,Delivered,5.0,7.0,4605.2,2024-11
ORD-00578,2024-02-04,CUS-0166,Customer 166,35.0,Non-binary,Bengaluru,Karnataka,South,ELE-103,Smart Watch,Electronics,4299,4.0,0.05,49,Credit Card,Email,Delivered,3.0,3.0,16385.199999999997,2024-02
ORD-00579,2024-06-26,CUS-0420,Customer 420,46.0,Female,Mumbai,Maharashtra,West,FAS-302,Running Shoes,Fashion,2599,3.0,0.1,49,Debit Card,Paid Search,Delivered,3.0,4.0,7066.3,2024-06
ORD-00580,2024-05-04,CUS-0357,Customer 357,35.0,Non-binary,Bengaluru,Karnataka,South,BEA-402,Hair Dryer,Beauty,1799,2.0,0.0,79,Credit Card,Organic Search,Delivered,3.0,6.0,3677.0,2024-05
ORD-00581,2025-04-03,CUS-0281,Customer 281,19.0,Non-binary,Kolkata,West Bengal,East,HOM-202,LED Desk Lamp,Home & Living,999,1.0,0.05,49,Debit Card,Direct,Delivered,5.0,3.0,998.05,2025-04
ORD-00582,2024-08-25,CUS-0175,Customer 175,21.0,Female,Jaipur,Rajasthan,North,FAS-301,Casual T-Shirt,Fashion,799,2.0,0.05,79,Debit Card,Referral,Delivered,3.0,8.0,1597.1,2024-08
ORD-00583,2024-04-08,CUS-0232,Customer 232,19.0,Non-binary,Kolkata,West Bengal,East,ELE-101,Wireless Headphones,Electronics,2499,2.0,0.2,0,Cash on Delivery,Direct,Delivered,5.0,2.0,3998.4,2024-04
ORD-00584,2024-10-20,CUS-0322,Customer 322,32.0,Male,Jaipur,Rajasthan,North,HOM-201,Cotton Bedsheet,Home & Living,1199,2.0,0.1,79,Cash on Delivery,Organic Search,Delivered,5.0,6.0,2237.2000000000003,2024-10
ORD-00585,2025-03-18,CUS-0518,Customer 518,19.0,Non-binary,Mumbai,Maharashtra,West,FAS-303,Backpack,Fashion,1499,1.0,0.0,99,Wallet,Paid Search,Delivered,5.0,7.0,1598.0,2025-03
ORD-00586,2024-03-16,CUS-0202,Customer 202,54.0,Non-binary,Pune,Maharashtra,West,BEA-401,Skin Care Kit,Beauty,1299,3.0,0.05,79,Cash on Delivery,Social Media,Returned,,,3781.1499999999996,2024-03
ORD-00587,2024-08-15,CUS-0110,Customer 110,21.0,Female,Kolkata,West Bengal,East,BEA-402,Hair Dryer,Beauty,1799,2.0,0.15,0,Debit Card,Paid Search,Cancelled,,,3058.2999999999997,2024-08
ORD-00588,2024-09-23,CUS-0034,Customer 34,45.0,Male,Pune,Maharashtra,West,FAS-301,Casual T-Shirt,Fashion,799,4.0,0.2,49,Cash on Delivery,Paid Search,Delivered,3.0,6.0,2605.8,2024-09
ORD-00589,2024-08-23,CUS-0414,Customer 414,33.0,Male,Mumbai,Maharashtra,West,FAS-303,Backpack,Fashion,1499,4.0,0.2,49,Wallet,Paid Search,Delivered,4.0,4.0,4845.8,2024-08
ORD-00590,2025-10-11,CUS-0134,Customer 134,42.0,Non-binary,Bhubaneswar,Odisha,East,BEA-401,Skin Care Kit,Beauty,1299,2.0,0.1,49,Cash on Delivery,Referral,Delivered,5.0,5.0,2387.2000000000003,2025-10
ORD-00591,2024-02-29,CUS-0215,Customer 215,44.0,Male,Jaipur,Rajasthan,North,HOM-203,Storage Organizer,Home & Living,699,1.0,0.0,0,Credit Card,Direct,Delivered,5.0,8.0,699.0,2024-02
ORD-00592,2025-01-23,CUS-0408,Customer 408,62.0,Female,Pune,Maharashtra,West,GRO-501,Coffee Beans,Grocery,549,4.0,0.2,0,Cash on Delivery,Social Media,Delivered,3.0,6.0,1756.8000000000002,2025-01
ORD-00593,2025-05-02,CUS-0061,Customer 61,62.0,Non-binary,Jaipur,Rajasthan,North,FAS-302,Running Shoes,Fashion,2599,1.0,0.2,79,Cash on Delivery,Social Media,Delivered,4.0,1.0,2158.2000000000003,2025-05
ORD-00594,2024-09-06,CUS-0020,Customer 20,62.0,Non-binary,Pune,Maharashtra,West,HOM-201,Cotton Bedsheet,Home & Living,1199,1.0,0.15,49,Cash on Delivery,Social Media,Delivered,3.0,1.0,1068.15,2024-09
ORD-00595,2025-11-11,CUS-0255,Customer 255,29.0,Non-binary,Delhi,Delhi,North,ELE-103,Smart Watch,Electronics,4299,1.0,0.05,99,Credit Card,Social Media,Delivered,5.0,4.0,4183.049999999999,2025-11
ORD-00596,2025-09-07,CUS-0025,Customer 25,19.0,Female,Chennai,Tamil Nadu,South,FAS-302,Running Shoes,Fashion,2599,2.0,0.0,49,Debit Card,Email,Delivered,4.0,4.0,5247.0,2025-09
ORD-00597,2025-01-11,CUS-0091,Customer 91,36.0,Male,Hyderabad,Telangana,South,ELE-103,Smart Watch,Electronics,4299,3.0,0.0,79,Wallet,Referral,Returned,,,12976.0,2025-01
ORD-00598,2025-01-07,CUS-0068,Customer 68,34.0,Male,Jaipur,Rajasthan,North,ELE-101,Wireless Headphones,Electronics,2499,2.0,0.0,79,Credit Card,Social Media,Delivered,4.0,7.0,5077.0,2025-01
ORD-00599,2025-08-06,CUS-0247,Customer 247,39.0,Male,Pune,Maharashtra,West,ELE-102,Bluetooth Speaker,Electronics,1899,3.0,0.05,99,Wallet,Referral,Delivered,5.0,5.0,5511.15,2025-08
ORD-00600,2025-10-22,CUS-0365,Customer 365,48.0,Male,Hyderabad,Telangana,South,GRO-501,Coffee Beans,Grocery,549,1.0,0.0,79,Credit Card,Organic Search,Delivered,5.0,1.0,628.0,2025-10
ORD-00601,2025-09-23,CUS-0263,Customer 263,21.0,Male,Hyderabad,Telangana,South,BEA-401,Skin Care Kit,Beauty,1299,3.0,0.0,79,Credit Card,Paid Search,Delivered,5.0,4.0,3976.0,2025-09
ORD-00602,2025-06-23,CUS-0111,Customer 111,18.0,Male,Chennai,Tamil Nadu,South,FAS-303,Backpack,Fashion,1499,1.0,0.1,0,Credit Card,Direct,Cancelled,,,1349.1000000000001,2025-06
ORD-00603,2025-07-12,CUS-0276,Customer 276,41.0,Male,Jaipur,Rajasthan,North,ELE-101,Wireless Headphones,Electronics,2499,4.0,0.15,79,UPI,Email,Delivered,5.0,7.0,8575.6,2025-07
ORD-00604,2024-04-22,CUS-0348,Customer 348,55.0,Female,Bhubaneswar,Odisha,East,ELE-101,Wireless Headphones,Electronics,2499,2.0,0.0,79,UPI,Referral,Delivered,3.0,5.0,5077.0,2024-04
ORD-00605,2025-11-26,CUS-0125,Customer 125,59.0,Non-binary,Mumbai,Maharashtra,West,HOM-201,Cotton Bedsheet,Home & Living,1199,1.0,0.0,49,UPI,Direct,Delivered,3.0,4.0,1248.0,2025-11
ORD-00606,2025-12-05,CUS-0459,Customer 459,60.0,Male,Delhi,Delhi,North,FAS-303,Backpack,Fashion,1499,4.0,0.0,49,UPI,Social Media,Returned,,,6045.0,2025-12
ORD-00607,2024-03-14,CUS-0403,Customer 403,54.0,Female,Mumbai,Maharashtra,West,GRO-501,Coffee Beans,Grocery,549,1.0,0.15,99,Debit Card,Email,Delivered,3.0,7.0,565.65,2024-03
ORD-00608,2024-12-08,CUS-0192,Customer 192,46.0,Male,Chennai,Tamil Nadu,South,HOM-203,Storage Organizer,Home & Living,699,4.0,0.1,99,Debit Card,Organic Search,Delivered,5.0,6.0,2615.4,2024-12
ORD-00609,2024-07-20,CUS-0219,Customer 219,21.0,Male,Pune,Maharashtra,West,GRO-501,Coffee Beans,Grocery,549,3.0,0.15,0,UPI,Email,Cancelled,,,1399.95,2024-07
ORD-00610,2025-02-22,CUS-0329,Customer 329,36.0,Non-binary,Mumbai,Maharashtra,West,FAS-301,Casual T-Shirt,Fashion,799,1.0,0.05,49,UPI,Paid Search,Delivered,3.0,3.0,808.05,2025-02
ORD-00611,2025-07-19,CUS-0253,Customer 253,30.0,Non-binary,Bhubaneswar,Odisha,East,BEA-402,Hair Dryer,Beauty,1799,2.0,0.0,99,Debit Card,Organic Search,Delivered,3.0,1.0,3697.0,2025-07
ORD-00612,2024-12-09,CUS-0018,Customer 18,63.0,Male,Bengaluru,Karnataka,South,FAS-301,Casual T-Shirt,Fashion,799,2.0,0.05,79,UPI,Direct,Delivered,3.0,4.0,1597.1,2024-12
ORD-00613,2024-08-26,CUS-0145,Customer 145,27.0,Female,Hyderabad,Telangana,South,HOM-203,Storage Organizer,Home & Living,699,3.0,0.0,0,UPI,Email,Delivered,5.0,1.0,2097.0,2024-08
ORD-00614,2024-04-03,CUS-0190,Customer 190,34.0,Male,Pune,Maharashtra,West,HOM-202,LED Desk Lamp,Home & Living,999,2.0,0.0,99,Cash on Delivery,Referral,Delivered,3.0,4.0,2097.0,2024-04
ORD-00615,2024-09-01,CUS-0335,Customer 335,56.0,Non-binary,Bengaluru,Karnataka,South,FAS-302,Running Shoes,Fashion,2599,2.0,0.0,49,UPI,Paid Search,Delivered,4.0,4.0,5247.0,2024-09
ORD-00616,2025-06-17,CUS-0088,Customer 88,46.0,Male,Hyderabad,Telangana,South,HOM-202,LED Desk Lamp,Home & Living,999,4.0,0.1,79,UPI,Paid Search,Delivered,4.0,1.0,3675.4,2025-06
ORD-00617,2024-11-03,CUS-0264,Customer 264,27.0,Male,Mumbai,Maharashtra,West,FAS-302,Running Shoes,Fashion,2599,3.0,0.1,49,Wallet,Paid Search,Delivered,3.0,3.0,7066.3,2024-11
ORD-00618,2024-06-04,CUS-0226,Customer 226,21.0,Non-binary,Jaipur,Rajasthan,North,GRO-501,Coffee Beans,Grocery,549,4.0,0.0,99,Debit Card,Paid Search,Delivered,4.0,2.0,2295.0,2024-06
ORD-00619,2024-09-08,CUS-0393,Customer 393,65.0,Female,Bengaluru,Karnataka,South,FAS-301,Casual T-Shirt,Fashion,799,4.0,0.2,99,Debit Card,Social Media,Returned,,,2655.8,2024-09
ORD-00620,2024-04-27,CUS-0389,Customer 389,51.0,Female,Kolkata,West Bengal,East,HOM-201,Cotton Bedsheet,Home & Living,1199,1.0,0.05,99,Wallet,Direct,Returned,,,1238.05,2024-04
ORD-00621,2025-04-03,CUS-0267,Customer 267,36.0,Male,Chennai,Tamil Nadu,South,HOM-201,Cotton Bedsheet,Home & Living,1199,1.0,0.2,79,Credit Card,Social Media,Delivered,5.0,7.0,1038.2,2025-04
ORD-00622,2025-03-22,CUS-0055,Customer 55,20.0,Female,Bhubaneswar,Odisha,East,FAS-303,Backpack,Fashion,1499,4.0,0.1,0,Wallet,Direct,Delivered,3.0,6.0,5396.400000000001,2025-03
ORD-00623,2025-05-28,CUS-0073,Customer 73,57.0,Non-binary,Bhubaneswar,Odisha,East,FAS-303,Backpack,Fashion,1499,4.0,0.0,79,UPI,Organic Search,Delivered,4.0,5.0,6075.0,2025-05
ORD-00624,2024-06-24,CUS-0383,Customer 383,48.0,Non-binary,Mumbai,Rajasthan,North,HOM-203,Storage Organizer,Home & Living,699,4.0,0.0,0,Cash on Delivery,Social Media,Cancelled,,,2796.0,2024-06
ORD-00625,2025-01-09,CUS-0327,Customer 327,45.0,Non-binary,Chennai,Tamil Nadu,South,FAS-303,Backpack,Fashion,1499,2.0,0.0,0,Cash on Delivery,Paid Search,Delivered,3.0,8.0,2998.0,2025-01
ORD-00626,2025-01-28,CUS-0453,Customer 453,37.0,Male,Delhi,Delhi,North,ELE-103,Smart Watch,Electronics,4299,4.0,0.0,0,Cash on Delivery,Social Media,Cancelled,,,17196.0,2025-01
ORD-00627,2025-01-19,CUS-0286,Customer 286,23.0,Female,Kolkata,West Bengal,East,FAS-301,Casual T-Shirt,Fashion,799,4.0,0.15,49,Credit Card,Direct,Delivered,5.0,1.0,2765.6,2025-01
ORD-00628,2025-01-27,CUS-0510,Customer 510,26.0,Non-binary,Delhi,Delhi,North,HOM-202,LED Desk Lamp,Home & Living,999,3.0,0.2,79,Wallet,Social Media,Delivered,5.0,3.0,2476.6,2025-01
ORD-00629,2025-08-16,CUS-0180,Customer 180,49.0,Male,Jaipur,Rajasthan,North,BEA-401,Skin Care Kit,Beauty,1299,2.0,0.0,79,Credit Card,Direct,Delivered,4.0,3.0,2677.0,2025-08
ORD-00630,2024-12-08,CUS-0161,Customer 161,38.0,Female,Chennai,Tamil Nadu,South,BEA-401,Skin Care Kit,Beauty,1299,3.0,0.1,49,Wallet,Referral,Delivered,3.0,3.0,3556.3,2024-12
ORD-00631,2024-02-21,CUS-0164,Customer 164,44.0,Male,Pune,Maharashtra,West,ELE-101,Wireless Headphones,Electronics,2499,4.0,0.0,49,Cash on Delivery,Email,Delivered,4.0,1.0,10045.0,2024-02
ORD-00632,2024-08-22,CUS-0109,Customer 109,21.0,Female,Bhubaneswar,Odisha,East,HOM-203,Storage Organizer,Home & Living,699,1.0,0.0,99,UPI,Email,Delivered,4.0,4.0,798.0,2024-08
ORD-00633,2025-10-01,CUS-0027,Customer 27,33.0,Male,Mumbai,Maharashtra,West,BEA-402,Hair Dryer,Beauty,1799,4.0,0.05,79,UPI,Direct,Delivered,3.0,5.0,6915.2,2025-10
ORD-00634,2025-12-10,CUS-0493,Customer 493,39.0,Non-binary,Kolkata,West Bengal,East,GRO-501,Coffee Beans,Grocery,549,3.0,0.05,49,Wallet,Organic Search,Delivered,5.0,2.0,1613.6499999999999,2025-12
ORD-00635,2025-05-28,CUS-0391,Customer 391,60.0,Non-binary,Hyderabad,Telangana,South,FAS-303,Backpack,Fashion,1499,1.0,0.0,0,Wallet,Paid Search,Cancelled,,,1499.0,2025-05
ORD-00636,2025-04-07,CUS-0491,Customer 491,38.0,Non-binary,Bengaluru,Karnataka,South,ELE-103,Smart Watch,Electronics,4299,3.0,0.0,79,Credit Card,Direct,Delivered,5.0,7.0,12976.0,2025-04
ORD-00637,2025-12-18,CUS-0117,Customer 117,42.0,Female,Chennai,Tamil Nadu,South,FAS-301,Casual T-Shirt,Fashion,799,4.0,0.0,79,Cash on Delivery,Organic Search,Delivered,4.0,2.0,3275.0,2025-12
ORD-00638,2025-06-26,CUS-0045,Customer 45,52.0,Male,Delhi,Delhi,North,FAS-303,Backpack,Fashion,1499,2.0,0.0,99,Debit Card,Referral,Delivered,5.0,7.0,3097.0,2025-06
ORD-00639,2025-05-24,CUS-0062,Customer 62,45.0,Male,Hyderabad,Telangana,South,ELE-103,Smart Watch,Electronics,4299,3.0,0.0,79,Credit Card,Direct,Delivered,3.0,5.0,12976.0,2025-05
ORD-00640,2025-10-18,CUS-0330,Customer 330,45.0,Female,Bhubaneswar,Odisha,East,ELE-102,Bluetooth Speaker,Electronics,1899,3.0,0.0,49,Cash on Delivery,Referral,Delivered,5.0,6.0,5746.0,2025-10
ORD-00641,2025-05-08,CUS-0030,Customer 30,54.0,Male,Hyderabad,Telangana,South,BEA-402,Hair Dryer,Beauty,1799,2.0,0.2,79,UPI,Social Media,Delivered,4.0,4.0,2957.4,2025-05
ORD-00642,2025-08-26,CUS-0240,Customer 240,48.0,Non-binary,Bhubaneswar,Odisha,East,HOM-201,Cotton Bedsheet,Home & Living,1199,1.0,0.05,79,Debit Card,Direct,Delivered,5.0,7.0,1218.05,2025-08
ORD-00643,2024-11-25,CUS-0056,Customer 56,33.0,Female,Mumbai,Maharashtra,West,FAS-303,Backpack,Fashion,1499,3.0,0.05,0,Cash on Delivery,Organic Search,Cancelled,,,4272.15,2024-11
ORD-00644,2024-01-21,CUS-0501,Customer 501,39.0,Non-binary,Bhubaneswar,Odisha,East,HOM-202,LED Desk Lamp,Home & Living,999,2.0,0.05,0,Credit Card,Organic Search,Cancelled,,,1898.1,2024-01
ORD-00645,2025-10-31,CUS-0059,Customer 59,43.0,Non-binary,Jaipur,Rajasthan,North,BEA-402,Hair Dryer,Beauty,1799,2.0,0.15,49,Cash on Delivery,Organic Search,Delivered,3.0,8.0,3107.2999999999997,2025-10
ORD-00646,2024-03-17,CUS-0420,Customer 420,39.0,Non-binary,Bhubaneswar,Odisha,East,HOM-203,Storage Organizer,Home & Living,699,2.0,0.2,99,Debit Card,Social Media,Delivered,3.0,3.0,1217.4,2024-03
ORD-00647,2025-09-12,CUS-0217,Customer 217,59.0,Non-binary,Pune,Maharashtra,West,HOM-202,LED Desk Lamp,Home & Living,999,2.0,0.15,0,Debit Card,Referral,Delivered,3.0,3.0,1698.3,2025-09
ORD-00648,2025-11-16,CUS-0078,Customer 78,40.0,Male,Delhi,Delhi,North,HOM-203,Storage Organizer,Home & Living,699,3.0,0.15,49,Credit Card,Paid Search,Returned,,,1831.45,2025-11
ORD-00649,2024-08-19,CUS-0043,Customer 43,62.0,Male,Chennai,Tamil Nadu,South,GRO-501,Coffee Beans,Grocery,549,1.0,0.1,0,Debit Card,Paid Search,Cancelled,,,494.1,2024-08
ORD-00650,2025-09-01,CUS-0431,Customer 431,35.0,Female,Pune,Maharashtra,West,GRO-501,Coffee Beans,Grocery,549,2.0,0.1,49,Credit Card,Direct,Delivered,5.0,1.0,1037.2,2025-09
ORD-00651,2025-02-01,CUS-0446,Customer 446,57.0,Male,Pune,Maharashtra,West,HOM-203,Storage Organizer,Home & Living,699,4.0,0.15,79,Debit Card,Direct,Delivered,3.0,2.0,2455.6,2025-02
ORD-00652,2025-11-16,CUS-0209,Customer 209,51.0,Non-binary,Bengaluru,Karnataka,South,FAS-302,Running Shoes,Fashion,2599,4.0,0.0,99,Cash on Delivery,Social Media,Returned,,,10495.0,2025-11
ORD-00653,2025-09-01,CUS-0095,Customer 95,25.0,Non-binary,Bhubaneswar,Odisha,East,GRO-501,Coffee Beans,Grocery,549,3.0,0.0,0,Cash on Delivery,Direct,Cancelled,,,1647.0,2025-09
ORD-00654,2025-06-08,CUS-0395,Customer 395,31.0,Female,Bhubaneswar,Odisha,East,ELE-101,Wireless Headphones,Electronics,2499,3.0,0.0,0,Wallet,Email,Delivered,3.0,6.0,7497.0,2025-06
ORD-00655,2024-02-13,CUS-0197,Customer 197,59.0,Non-binary,Kolkata,West Bengal,East,ELE-103,Smart Watch,Electronics,4299,4.0,0.05,0,UPI,Organic Search,Delivered,3.0,2.0,16336.199999999999,2024-02
ORD-00656,2025-09-07,CUS-0392,Customer 392,26.0,Non-binary,Jaipur,Rajasthan,North,FAS-303,Backpack,Fashion,1499,1.0,0.1,0,Cash on Delivery,Email,Returned,,,1349.1000000000001,2025-09
ORD-00657,2025-11-06,CUS-0288,Customer 288,56.0,Male,Hyderabad,Telangana,South,HOM-202,LED Desk Lamp,Home & Living,999,4.0,0.0,0,Wallet,Paid Search,Cancelled,,,3996.0,2025-11
ORD-00658,2025-06-04,CUS-0301,Customer 301,55.0,Female,Bhubaneswar,Odisha,East,FAS-301,Casual T-Shirt,Fashion,799,3.0,0.0,79,Wallet,Paid Search,Returned,,,2476.0,2025-06
ORD-00659,2024-11-19,CUS-0465,Customer 465,32.0,Non-binary,Hyderabad,Telangana,South,HOM-203,Storage Organizer,Home & Living,699,2.0,0.05,0,Credit Card,Social Media,Returned,,,1328.1,2024-11
ORD-00660,2024-11-15,CUS-0254,Customer 254,49.0,Female,Delhi,Delhi,North,ELE-102,Bluetooth Speaker,Electronics,1899,4.0,0.1,79,Cash on Delivery,Organic Search,Delivered,3.0,4.0,6915.400000000001,2024-11
ORD-00661,2025-12-02,CUS-0273,Customer 273,65.0,Female,Bengaluru,Karnataka,South,GRO-501,Coffee Beans,Grocery,549,1.0,0.1,99,Debit Card,Email,Delivered,4.0,1.0,593.1,2025-12
ORD-00662,2024-06-02,CUS-0300,Customer 300,31.0,Male,Jaipur,Rajasthan,North,FAS-303,Backpack,Fashion,1499,2.0,0.05,99,Credit Card,Paid Search,Delivered,4.0,6.0,2947.1,2024-06
ORD-00663,2024-04-14,CUS-0348,Customer 348,64.0,Female,Kolkata,West Bengal,East,HOM-203,Storage Organizer,Home & Living,699,3.0,0.0,0,Credit Card,Referral,Returned,,,2097.0,2024-04
ORD-00664,2024-01-16,CUS-0056,Customer 56,34.0,Female,Delhi,Delhi,North,ELE-101,Wireless Headphones,Electronics,2499,1.0,0.0,79,UPI,Email,Delivered,4.0,8.0,2578.0,2024-01
ORD-00665,2025-09-07,CUS-0465,Customer 465,39.0,Male,Jaipur,Rajasthan,North,FAS-301,Casual T-Shirt,Fashion,799,3.0,0.1,99,Cash on Delivery,Email,Returned,,,2256.3,2025-09
ORD-00666,2024-11-01,CUS-0307,Customer 307,51.0,Non-binary,Mumbai,Maharashtra,West,HOM-202,LED Desk Lamp,Home & Living,999,4.0,0.2,79,Cash on Delivery,Organic Search,Delivered,3.0,5.0,3275.8,2024-11
ORD-00667,2025-08-14,CUS-0169,Customer 169,61.0,Female,Bhubaneswar,Odisha,East,BEA-402,Hair Dryer,Beauty,1799,3.0,0.0,79,UPI,Email,Delivered,3.0,5.0,5476.0,2025-08
ORD-00668,2024-12-07,CUS-0412,Customer 412,51.0,Male,Pune,Maharashtra,West,ELE-101,Wireless Headphones,Electronics,2499,4.0,0.15,49,UPI,Direct,Delivered,5.0,1.0,8545.6,2024-12
ORD-00669,2024-04-15,CUS-0241,Customer 241,49.0,Non-binary,Delhi,Delhi,North,ELE-102,Bluetooth Speaker,Electronics,1899,3.0,0.15,99,Cash on Delivery,Direct,Returned,,,4941.45,2024-04
ORD-00670,2025-11-01,CUS-0115,Customer 115,57.0,Female,Kolkata,West Bengal,East,HOM-202,LED Desk Lamp,Home & Living,999,3.0,0.2,99,Debit Card,Organic Search,Delivered,3.0,6.0,2496.6,2025-11
ORD-00671,2025-03-04,CUS-0200,Customer 200,56.0,Non-binary,Pune,Maharashtra,West,ELE-103,Smart Watch,Electronics,4299,1.0,0.0,0,Cash on Delivery,Direct,Delivered,3.0,3.0,4299.0,2025-03
ORD-00672,2024-07-21,CUS-0060,Customer 60,28.0,Non-binary,Bengaluru,Karnataka,South,HOM-202,LED Desk Lamp,Home & Living,999,4.0,0.15,99,Debit Card,Direct,Delivered,3.0,8.0,3495.6,2024-07
ORD-00673,2025-11-10,CUS-0482,Customer 482,41.0,Female,Bhubaneswar,Odisha,East,BEA-402,Hair Dryer,Beauty,1799,3.0,0.1,79,Cash on Delivery,Social Media,Delivered,3.0,3.0,4936.3,2025-11
ORD-00674,2024-05-05,CUS-0487,Customer 487,62.0,Male,Hyderabad,Telangana,South,BEA-402,Hair Dryer,Beauty,1799,3.0,0.0,79,UPI,Email,Delivered,3.0,2.0,5476.0,2024-05
ORD-00675,2025-03-05,CUS-0167,Customer 167,29.0,Female,Chennai,Tamil Nadu,South,HOM-203,Storage Organizer,Home & Living,699,2.0,0.15,79,Credit Card,Organic Search,Delivered,4.0,5.0,1267.3,2025-03
ORD-00676,2024-09-26,CUS-0128,Customer 128,43.0,Male,Chennai,Tamil Nadu,South,BEA-401,Skin Care Kit,Beauty,1299,1.0,0.2,0,Credit Card,Referral,Delivered,4.0,8.0,1039.2,2024-09
ORD-00677,2025-10-22,CUS-0092,Customer 92,52.0,Male,Chennai,Tamil Nadu,South,HOM-201,Cotton Bedsheet,Home & Living,1199,1.0,0.0,49,Cash on Delivery,Paid Search,Delivered,3.0,6.0,1248.0,2025-10
ORD-00678,2024-12-22,CUS-0029,Customer 29,38.0,Non-binary,Mumbai,Maharashtra,West,FAS-302,Running Shoes,Fashion,2599,2.0,0.0,79,Cash on Delivery,Direct,Delivered,3.0,6.0,5277.0,2024-12
ORD-00679,2024-04-29,CUS-0302,Customer 302,43.0,Female,Pune,Maharashtra,West,FAS-301,Casual T-Shirt,Fashion,799,2.0,0.05,0,UPI,Paid Search,Cancelled,,,1518.1,2024-04
ORD-00680,2025-01-31,CUS-0100,Customer 100,45.0,Male,Bhubaneswar,Odisha,East,ELE-103,Smart Watch,Electronics,4299,4.0,0.0,99,UPI,Direct,Delivered,4.0,8.0,17295.0,2025-01
ORD-00681,2024-07-25,CUS-0067,Customer 67,43.0,Male,Mumbai,Maharashtra,West,FAS-302,Running Shoes,Fashion,2599,2.0,0.15,0,UPI,Organic Search,Cancelled,,,4418.3,2024-07
ORD-00682,2025-04-08,CUS-0457,Customer 457,31.0,Female,Bengaluru,Karnataka,South,ELE-103,Smart Watch,Electronics,4299,3.0,0.15,79,Cash on Delivery,Social Media,Delivered,4.0,6.0,11041.449999999999,2025-04
ORD-00683,2024-09-29,CUS-0042,Customer 42,23.0,Male,Delhi,Delhi,North,ELE-103,Smart Watch,Electronics,4299,2.0,0.0,0,Debit Card,Direct,Cancelled,,,8598.0,2024-09
ORD-00684,2024-03-18,CUS-0251,Customer 251,57.0,Female,Kolkata,West Bengal,East,BEA-402,Hair Dryer,Beauty,1799,1.0,0.0,99,Credit Card,Email,Delivered,5.0,8.0,1898.0,2024-03
ORD-00685,2024-04-04,CUS-0172,Customer 172,28.0,Male,Pune,Maharashtra,West,HOM-201,Cotton Bedsheet,Home & Living,1199,4.0,0.15,99,Cash on Delivery,Referral,Delivered,3.0,8.0,4175.6,2024-04
ORD-00686,2024-05-24,CUS-0135,Customer 135,37.0,Male,Delhi,Delhi,North,FAS-301,Casual T-Shirt,Fashion,799,1.0,0.15,49,Wallet,Referral,Delivered,5.0,3.0,728.15,2024-05
ORD-00687,2025-08-18,CUS-0158,Customer 158,48.0,Male,Pune,Maharashtra,West,BEA-402,Hair Dryer,Beauty,1799,1.0,0.1,0,Wallet,Paid Search,Delivered,5.0,8.0,1619.1000000000001,2025-08
ORD-00688,2025-03-28,CUS-0043,Customer 43,49.0,Male,Mumbai,Maharashtra,West,ELE-102,Bluetooth Speaker,Electronics,1899,2.0,0.05,49,Debit Card,Referral,Delivered,5.0,2.0,3657.1,2025-03
ORD-00689,2025-03-27,CUS-0028,Customer 28,35.0,Non-binary,Delhi,Delhi,North,HOM-202,LED Desk Lamp,Home & Living,999,4.0,0.15,99,Debit Card,Social Media,Delivered,3.0,1.0,3495.6,2025-03
ORD-00690,2025-08-02,CUS-0435,Customer 435,20.0,Male,Kolkata,West Bengal,East,ELE-103,Smart Watch,Electronics,4299,2.0,0.0,79,Wallet,Social Media,Delivered,4.0,3.0,8677.0,2025-08
ORD-00691,2024-07-01,CUS-0245,Customer 245,31.0,Non-binary,Kolkata,West Bengal,East,HOM-203,Storage Organizer,Home & Living,699,3.0,0.0,99,Debit Card,Social Media,Delivered,4.0,5.0,2196.0,2024-07
ORD-00692,2024-02-09,CUS-0352,Customer 352,26.0,Male,Pune,Maharashtra,West,ELE-101,Wireless Headphones,Electronics,2499,4.0,0.15,0,UPI,Social Media,Delivered,3.0,7.0,8496.6,2024-02
ORD-00693,2025-08-04,CUS-0337,Customer 337,18.0,Male,Chennai,Tamil Nadu,South,BEA-402,Hair Dryer,Beauty,1799,2.0,0.15,99,Cash on Delivery,Direct,Delivered,4.0,8.0,3157.2999999999997,2025-08
ORD-00694,2024-08-19,CUS-0163,Customer 163,24.0,Female,Jaipur,Rajasthan,North,ELE-103,Smart Watch,Electronics,4299,4.0,0.05,0,UPI,Paid Search,Returned,,,16336.199999999999,2024-08
ORD-00695,2024-03-02,CUS-0315,Customer 315,44.0,Female,Hyderabad,Telangana,South,FAS-302,Running Shoes,Fashion,2599,3.0,0.2,99,Cash on Delivery,Direct,Returned,,,6336.6,2024-03
ORD-00696,2024-10-10,CUS-0065,Customer 65,33.0,Non-binary,Kolkata,West Bengal,East,GRO-501,Coffee Beans,Grocery,549,2.0,0.0,0,Cash on Delivery,Social Media,Cancelled,,,1098.0,2024-10
ORD-00697,2024-02-26,CUS-0079,Customer 79,19.0,Female,Pune,Maharashtra,West,ELE-103,Smart Watch,Electronics,4299,2.0,0.0,79,Wallet,Organic Search,Delivered,3.0,4.0,8677.0,2024-02
ORD-00698,2025-08-12,CUS-0102,Customer 102,21.0,Non-binary,Kolkata,West Bengal,East,FAS-303,Backpack,Fashion,1499,4.0,0.0,49,Debit Card,Paid Search,Delivered,5.0,1.0,6045.0,2025-08
ORD-00699,2024-05-19,CUS-0071,Customer 71,34.0,Non-binary,Bhubaneswar,Odisha,East,HOM-201,Cotton Bedsheet,Home & Living,1199,1.0,0.2,49,Wallet,Referral,Returned,,,1008.2,2024-05
ORD-00700,2024-06-08,CUS-0285,Customer 285,36.0,Non-binary,Pune,Maharashtra,West,HOM-201,Cotton Bedsheet,Home & Living,1199,4.0,0.05,0,Wallet,Paid Search,Delivered,3.0,7.0,4556.2,2024-06
ORD-00701,2025-04-22,CUS-0262,Customer 262,34.0,Female,Jaipur,Rajasthan,North,ELE-103,Smart Watch,Electronics,4299,4.0,0.05,99,Credit Card,Direct,Delivered,4.0,3.0,16435.199999999997,2025-04
ORD-00702,2024-05-22,CUS-0272,Customer 272,62.0,Non-binary,Mumbai,Maharashtra,West,ELE-103,Smart Watch,Electronics,4299,3.0,0.0,49,Debit Card,Social Media,Returned,,,12946.0,2024-05
ORD-00703,2025-06-07,CUS-0484,Customer 484,36.0,Female,Jaipur,Rajasthan,North,ELE-102,Bluetooth Speaker,Electronics,1899,2.0,0.1,0,Wallet,Organic Search,Delivered,5.0,2.0,3418.2000000000003,2025-06
ORD-00704,2024-01-08,CUS-0384,Customer 384,31.0,Female,Hyderabad,Telangana,South,FAS-302,Running Shoes,Fashion,2599,4.0,0.0,79,Debit Card,Direct,Returned,,,10475.0,2024-01
ORD-00705,2025-08-09,CUS-0247,Customer 247,38.0,Non-binary,Kolkata,West Bengal,East,FAS-301,Casual T-Shirt,Fashion,799,4.0,0.2,49,UPI,Email,Returned,,,2605.8,2025-08
ORD-00706,2024-03-06,CUS-0480,Customer 480,37.0,Male,Chennai,Tamil Nadu,South,HOM-203,Storage Organizer,Home & Living,699,1.0,0.15,79,Debit Card,Paid Search,Delivered,4.0,8.0,673.15,2024-03
ORD-00707,2024-11-16,CUS-0011,Customer 11,63.0,Female,Bengaluru,Karnataka,South,GRO-501,Coffee Beans,Grocery,549,2.0,0.0,0,UPI,Referral,Cancelled,,,1098.0,2024-11
ORD-00708,2025-12-09,CUS-0421,Customer 421,51.0,Female,Delhi,Delhi,North,GRO-501,Coffee Beans,Grocery,549,3.0,0.0,99,Credit Card,Direct,Delivered,5.0,3.0,1746.0,2025-12
ORD-00709,2025-09-20,CUS-0282,Customer 282,39.0,Female,Mumbai,Maharashtra,West,HOM-202,LED Desk Lamp,Home & Living,999,2.0,0.2,99,UPI,Social Media,Delivered,4.0,6.0,1697.4,2025-09
ORD-00710,2025-05-02,CUS-0015,Customer 15,22.0,Female,Delhi,Delhi,North,ELE-102,Bluetooth Speaker,Electronics,1899,4.0,0.0,49,UPI,Referral,Delivered,4.0,4.0,7645.0,2025-05
ORD-00711,2025-05-27,CUS-0300,Customer 300,52.0,Non-binary,Delhi,Delhi,North,BEA-401,Skin Care Kit,Beauty,1299,1.0,0.0,0,Debit Card,Paid Search,Delivered,3.0,6.0,1299.0,2025-05
ORD-00712,2024-06-22,CUS-0428,Customer 428,29.0,Female,Kolkata,West Bengal,East,ELE-101,Wireless Headphones,Electronics,2499,3.0,0.15,99,Credit Card,Organic Search,Delivered,4.0,8.0,6471.45,2024-06
ORD-00713,2024-02-16,CUS-0020,Customer 20,57.0,Non-binary,Mumbai,Maharashtra,West,FAS-301,Casual T-Shirt,Fashion,799,3.0,0.05,0,Cash on Delivery,Paid Search,Delivered,3.0,1.0,2277.15,2024-02
ORD-00714,2024-03-23,CUS-0271,Customer 271,18.0,Male,Chennai,Tamil Nadu,South,HOM-201,Cotton Bedsheet,Home & Living,1199,4.0,0.2,0,Debit Card,Direct,Delivered,3.0,7.0,3836.8,2024-03
ORD-00715,2025-04-20,CUS-0413,Customer 413,28.0,Male,Bhubaneswar,Odisha,East,HOM-203,Storage Organizer,Home & Living,699,1.0,0.1,99,Wallet,Email,Delivered,5.0,1.0,728.1,2025-04
ORD-00716,2024-04-14,CUS-0444,Customer 444,49.0,Female,Delhi,Delhi,North,FAS-301,Casual T-Shirt,Fashion,799,3.0,0.05,49,Cash on Delivery,Email,Delivered,4.0,4.0,2326.15,2024-04
ORD-00717,2025-01-03,CUS-0438,Customer 438,48.0,Female,Kolkata,West Bengal,East,HOM-202,LED Desk Lamp,Home & Living,999,4.0,0.0,0,Credit Card,Social Media,Delivered,5.0,3.0,3996.0,2025-01
ORD-00718,2024-04-25,CUS-0437,Customer 437,43.0,Male,Hyderabad,Telangana,South,HOM-201,Cotton Bedsheet,Home & Living,1199,3.0,0.2,79,Cash on Delivery,Email,Delivered,5.0,5.0,2956.6000000000004,2024-04
ORD-00719,2025-04-01,CUS-0472,Customer 472,22.0,Male,Delhi,Delhi,North,HOM-202,LED Desk Lamp,Home & Living,999,4.0,0.05,0,Debit Card,Referral,Returned,,,3796.2,2025-04
ORD-00720,2025-08-19,CUS-0478,Customer 478,65.0,Male,Delhi,Delhi,North,FAS-302,Running Shoes,Fashion,2599,1.0,0.0,99,UPI,Paid Search,Delivered,4.0,6.0,2698.0,2025-08
ORD-00721,2024-01-16,CUS-0150,Customer 150,54.0,Non-binary,Kolkata,West Bengal,East,FAS-302,Running Shoes,Fashion,2599,2.0,0.05,49,Wallet,Direct,Delivered,4.0,3.0,4987.099999999999,2024-01
ORD-00722,2025-09-07,CUS-0519,Customer 519,47.0,Non-binary,Hyderabad,Telangana,South,FAS-301,Casual T-Shirt,Fashion,799,1.0,0.2,0,Credit Card,Organic Search,Delivered,4.0,8.0,639.2,2025-09
ORD-00723,2025-11-17,CUS-0134,Customer 134,47.0,Non-binary,Bengaluru,Karnataka,South,HOM-201,Cotton Bedsheet,Home & Living,1199,4.0,0.05,0,UPI,Email,Cancelled,,,4556.2,2025-11
ORD-00724,2024-07-27,CUS-0411,Customer 411,43.0,Non-binary,Hyderabad,Telangana,South,HOM-201,Cotton Bedsheet,Home & Living,1199,3.0,0.2,99,Debit Card,Referral,Delivered,5.0,8.0,2976.6000000000004,2024-07
ORD-00725,2024-07-14,CUS-0033,Customer 33,19.0,Non-binary,Pune,Maharashtra,West,BEA-401,Skin Care Kit,Beauty,1299,2.0,0.1,99,Credit Card,Social Media,Delivered,5.0,8.0,2437.2000000000003,2024-07
ORD-00726,2025-06-01,CUS-0155,Customer 155,23.0,Male,Kolkata,West Bengal,East,FAS-302,Running Shoes,Fashion,2599,4.0,0.0,79,Cash on Delivery,Social Media,Delivered,3.0,8.0,10475.0,2025-06
ORD-00727,2024-04-02,CUS-0140,Customer 140,35.0,Male,Chennai,Tamil Nadu,South,BEA-402,Hair Dryer,Beauty,1799,3.0,0.0,0,Debit Card,Direct,Cancelled,,,5397.0,2024-04
ORD-00728,2025-05-17,CUS-0270,Customer 270,55.0,Non-binary,Bhubaneswar,Odisha,East,HOM-203,Storage Organizer,Home & Living,699,1.0,0.1,0,Cash on Delivery,Social Media,Cancelled,,,629.1,2025-05
ORD-00729,2025-02-01,CUS-0414,Customer 414,56.0,Male,Bengaluru,Karnataka,South,HOM-202,LED Desk Lamp,Home & Living,999,2.0,0.05,79,Wallet,Email,Delivered,3.0,3.0,1977.1,2025-02
ORD-00730,2025-12-25,CUS-0060,Customer 60,60.0,Female,Kolkata,West Bengal,East,HOM-201,Cotton Bedsheet,Home & Living,1199,4.0,0.05,99,Debit Card,Email,Returned,,,4655.2,2025-12
ORD-00731,2025-11-19,CUS-0351,Customer 351,62.0,Male,Hyderabad,Telangana,South,ELE-101,Wireless Headphones,Electronics,2499,2.0,0.05,79,Wallet,Email,Delivered,4.0,4.0,4827.099999999999,2025-11
ORD-00732,2025-03-22,CUS-0217,Customer 217,21.0,Male,Mumbai,Maharashtra,West,ELE-101,Wireless Headphones,Electronics,2499,1.0,0.15,49,Cash on Delivery,Paid Search,Delivered,4.0,4.0,2173.15,2025-03
ORD-00733,2024-04-28,CUS-0310,Customer 310,38.0,Male,Jaipur,Rajasthan,North,FAS-302,Running Shoes,Fashion,2599,4.0,0.2,0,Cash on Delivery,Direct,Delivered,5.0,4.0,8316.800000000001,2024-04
ORD-00734,2024-01-14,CUS-0222,Customer 222,50.0,Female,Bhubaneswar,Odisha,East,BEA-401,Skin Care Kit,Beauty,1299,2.0,0.0,49,Wallet,Email,Delivered,5.0,4.0,2647.0,2024-01
ORD-00735,2024-01-21,CUS-0139,Customer 139,33.0,Non-binary,Hyderabad,Telangana,South,FAS-302,Running Shoes,Fashion,2599,1.0,0.05,99,Debit Card,Email,Delivered,5.0,5.0,2568.0499999999997,2024-01
ORD-00736,2025-10-20,CUS-0006,Customer 6,48.0,Male,Delhi,Delhi,North,BEA-402,Hair Dryer,Beauty,1799,3.0,0.0,99,UPI,Referral,Delivered,4.0,3.0,5496.0,2025-10
ORD-00737,2025-03-24,CUS-0434,Customer 434,24.0,Non-binary,Kolkata,West Bengal,East,FAS-301,Casual T-Shirt,Fashion,799,1.0,0.15,79,UPI,Referral,Delivered,3.0,1.0,758.15,2025-03
ORD-00738,2025-01-27,CUS-0021,Customer 21,50.0,Non-binary,Jaipur,Rajasthan,North,HOM-203,Storage Organizer,Home & Living,699,4.0,0.0,99,Debit Card,Referral,Returned,,,2895.0,2025-01
ORD-00739,2024-03-12,CUS-0267,Customer 267,28.0,Male,Bengaluru,Karnataka,South,ELE-101,Wireless Headphones,Electronics,2499,2.0,0.0,79,Cash on Delivery,Paid Search,Delivered,3.0,2.0,5077.0,2024-03
ORD-00740,2024-09-07,CUS-0032,Customer 32,34.0,Non-binary,Pune,Maharashtra,West,ELE-102,Bluetooth Speaker,Electronics,1899,4.0,0.0,0,UPI,Referral,Delivered,3.0,4.0,7596.0,2024-09
ORD-00741,2025-01-21,CUS-0367,Customer 367,52.0,Female,Delhi,Delhi,North,HOM-201,Cotton Bedsheet,Home & Living,1199,3.0,0.1,0,UPI,Direct,Delivered,3.0,2.0,3237.3,2025-01
ORD-00742,2024-05-04,CUS-0127,Customer 127,31.0,Female,Hyderabad,Telangana,South,HOM-203,Storage Organizer,Home & Living,699,3.0,0.15,0,Wallet,Referral,Cancelled,,,1782.45,2024-05
ORD-00743,2025-06-12,CUS-0003,Customer 3,54.0,Non-binary,Mumbai,Maharashtra,West,BEA-401,Skin Care Kit,Beauty,1299,4.0,0.2,0,Credit Card,Organic Search,Delivered,3.0,1.0,4156.8,2025-06
ORD-00744,2025-12-28,CUS-0179,Customer 179,47.0,Female,Bengaluru,Karnataka,South,GRO-501,Coffee Beans,Grocery,549,4.0,0.1,0,Debit Card,Paid Search,Delivered,4.0,8.0,1976.4,2025-12
ORD-00745,2024-01-03,CUS-0493,Customer 493,65.0,Male,Pune,Maharashtra,West,FAS-303,Backpack,Fashion,1499,1.0,0.0,0,Cash on Delivery,Email,Delivered,5.0,2.0,1499.0,2024-01
ORD-00746,2025-01-22,CUS-0059,Customer 59,28.0,Male,Delhi,Delhi,North,FAS-303,Backpack,Fashion,1499,2.0,0.0,49,Wallet,Social Media,Delivered,3.0,3.0,3047.0,2025-01
ORD-00747,2025-01-19,CUS-0217,Customer 217,33.0,Male,Pune,Maharashtra,West,BEA-402,Hair Dryer,Beauty,1799,4.0,0.15,99,Wallet,Organic Search,Delivered,4.0,7.0,6215.599999999999,2025-01
ORD-00748,2024-11-06,CUS-0155,Customer 155,65.0,Non-binary,Mumbai,Maharashtra,West,BEA-402,Hair Dryer,Beauty,1799,2.0,0.15,0,UPI,Social Media,Cancelled,,,3058.2999999999997,2024-11
ORD-00749,2025-04-24,CUS-0159,Customer 159,23.0,Male,Delhi,Delhi,North,HOM-203,Storage Organizer,Home & Living,699,3.0,0.1,99,UPI,Organic Search,Delivered,4.0,3.0,1986.3,2025-04
ORD-00750,2024-10-16,CUS-0406,Customer 406,34.0,Male,Kolkata,West Bengal,East,FAS-302,Running Shoes,Fashion,2599,2.0,0.0,0,Credit Card,Social Media,Cancelled,,,5198.0,2024-10
ORD-00751,2025-03-27,CUS-0293,Customer 293,19.0,Male,Pune,Maharashtra,West,ELE-102,Bluetooth Speaker,Electronics,1899,4.0,0.1,0,Cash on Delivery,Paid Search,Returned,,,6836.400000000001,2025-03
ORD-00752,2025-02-25,CUS-0142,Customer 142,57.0,Non-binary,Hyderabad,Telangana,South,ELE-101,Wireless Headphones,Electronics,2499,3.0,0.05,99,Cash on Delivery,Organic Search,Returned,,,7221.15,2025-02
ORD-00753,2025-08-06,CUS-0503,Customer 503,57.0,Non-binary,Bhubaneswar,Odisha,East,ELE-101,Wireless Headphones,Electronics,2499,4.0,0.0,99,Debit Card,Organic Search,Delivered,3.0,1.0,10095.0,2025-08
ORD-00754,2025-03-15,CUS-0190,Customer 190,50.0,Female,Bhubaneswar,Odisha,East,FAS-303,Backpack,Fashion,1499,1.0,0.1,0,UPI,Referral,Delivered,3.0,4.0,1349.1000000000001,2025-03
ORD-00755,2025-02-10,CUS-0396,Customer 396,19.0,Female,Jaipur,Rajasthan,North,FAS-303,Backpack,Fashion,1499,2.0,0.1,0,Debit Card,Email,Delivered,5.0,7.0,2698.2000000000003,2025-02
ORD-00756,2025-01-31,CUS-0201,Customer 201,23.0,Male,Delhi,Delhi,North,FAS-302,Running Shoes,Fashion,2599,1.0,0.05,0,UPI,Direct,Delivered,3.0,3.0,2469.0499999999997,2025-01
ORD-00757,2025-06-20,CUS-0235,Customer 235,21.0,Female,Bhubaneswar,Odisha,East,BEA-401,Skin Care Kit,Beauty,1299,3.0,0.15,0,UPI,Referral,Delivered,4.0,2.0,3312.45,2025-06
ORD-00758,2025-03-21,CUS-0397,Customer 397,52.0,Male,Pune,Maharashtra,West,ELE-103,Smart Watch,Electronics,4299,4.0,0.05,79,Wallet,Social Media,Delivered,4.0,3.0,16415.199999999997,2025-03
ORD-00759,2024-12-28,CUS-0284,Customer 284,42.0,Female,Jaipur,Rajasthan,North,BEA-401,Skin Care Kit,Beauty,1299,2.0,0.0,0,Debit Card,Organic Search,Delivered,4.0,8.0,2598.0,2024-12
ORD-00760,2025-10-31,CUS-0363,Customer 363,41.0,Non-binary,Bengaluru,Karnataka,South,FAS-302,Running Shoes,Fashion,2599,2.0,0.2,0,Cash on Delivery,Email,Delivered,4.0,3.0,4158.400000000001,2025-10
ORD-00761,2024-12-10,CUS-0417,Customer 417,60.0,Female,Kolkata,West Bengal,East,HOM-201,Cotton Bedsheet,Home & Living,1199,2.0,0.0,0,UPI,Organic Search,Delivered,3.0,7.0,2398.0,2024-12
ORD-00762,2025-07-11,CUS-0371,Customer 371,52.0,Non-binary,Bhubaneswar,Odisha,East,FAS-302,Running Shoes,Fashion,2599,4.0,0.05,79,Cash on Delivery,Email,Delivered,4.0,3.0,9955.199999999999,2025-07
ORD-00763,2024-10-19,CUS-0170,Customer 170,43.0,Non-binary,Delhi,Delhi,North,HOM-201,Cotton Bedsheet,Home & Living,1199,1.0,0.05,0,Wallet,Referral,Cancelled,,,1139.05,2024-10
ORD-00764,2025-05-30,CUS-0367,Customer 367,56.0,Female,Mumbai,Maharashtra,West,FAS-301,Casual T-Shirt,Fashion,799,2.0,0.05,99,Credit Card,Referral,Delivered,5.0,2.0,1617.1,2025-05
ORD-00765,2025-12-25,CUS-0058,Customer 58,27.0,Non-binary,Hyderabad,Telangana,South,HOM-202,LED Desk Lamp,Home & Living,999,4.0,0.05,99,UPI,Referral,Delivered,3.0,8.0,3895.2,2025-12
ORD-00766,2025-05-20,CUS-0257,Customer 257,47.0,Non-binary,Kolkata,West Bengal,East,BEA-402,Hair Dryer,Beauty,1799,4.0,0.0,99,UPI,Paid Search,Delivered,4.0,7.0,7295.0,2025-05
ORD-00767,2025-02-16,CUS-0154,Customer 154,53.0,Male,Mumbai,Maharashtra,West,BEA-401,Skin Care Kit,Beauty,1299,2.0,0.0,99,Debit Card,Direct,Returned,,,2697.0,2025-02
ORD-00768,2024-02-29,CUS-0223,Customer 223,65.0,Female,Kolkata,West Bengal,East,ELE-103,Smart Watch,Electronics,4299,1.0,0.05,99,UPI,Paid Search,Delivered,3.0,1.0,4183.049999999999,2024-02
ORD-00769,2025-09-14,CUS-0169,Customer 169,46.0,Male,Jaipur,Rajasthan,North,FAS-302,Running Shoes,Fashion,2599,2.0,0.15,79,Wallet,Email,Returned,,,4497.3,2025-09
ORD-00770,2024-06-10,CUS-0508,Customer 508,65.0,Female,Delhi,Delhi,North,ELE-102,Bluetooth Speaker,Electronics,1899,1.0,0.0,49,Wallet,Referral,Delivered,5.0,8.0,1948.0,2024-06
ORD-00771,2025-07-27,CUS-0151,Customer 151,48.0,Male,Chennai,Tamil Nadu,South,ELE-102,Bluetooth Speaker,Electronics,1899,3.0,0.0,0,Credit Card,Social Media,Delivered,3.0,1.0,5697.0,2025-07
ORD-00772,2025-12-17,CUS-0286,Customer 286,55.0,Female,Jaipur,Rajasthan,North,HOM-203,Storage Organizer,Home & Living,699,2.0,0.1,99,Wallet,Social Media,Returned,,,1357.2,2025-12
ORD-00773,2024-11-15,CUS-0274,Customer 274,38.0,Female,Hyderabad,Telangana,South,ELE-103,Smart Watch,Electronics,4299,1.0,0.05,79,Credit Card,Social Media,Delivered,3.0,7.0,4163.049999999999,2024-11
ORD-00774,2025-05-01,CUS-0167,Customer 167,54.0,Male,Chennai,Tamil Nadu,South,ELE-101,Wireless Headphones,Electronics,2499,4.0,0.05,0,Credit Card,Direct,Delivered,4.0,4.0,9496.199999999999,2025-05
ORD-00775,2024-03-04,CUS-0335,Customer 335,58.0,Non-binary,Chennai,Tamil Nadu,South,HOM-202,LED Desk Lamp,Home & Living,999,4.0,0.15,0,UPI,Social Media,Returned,,,3396.6,2024-03
ORD-00776,2025-07-09,CUS-0149,Customer 149,39.0,Non-binary,Hyderabad,Telangana,South,FAS-301,Casual T-Shirt,Fashion,799,3.0,0.2,79,Credit Card,Email,Delivered,4.0,8.0,1996.6000000000001,2025-07
ORD-00777,2025-04-06,CUS-0356,Customer 356,20.0,Male,Jaipur,Rajasthan,North,FAS-301,Casual T-Shirt,Fashion,799,2.0,0.05,99,Debit Card,Social Media,Delivered,3.0,4.0,1617.1,2025-04
ORD-00778,2025-02-05,CUS-0235,Customer 235,31.0,Non-binary,Bhubaneswar,Odisha,East,ELE-103,Smart Watch,Electronics,4299,1.0,0.0,99,Cash on Delivery,Email,Returned,,,4398.0,2025-02
ORD-00779,2025-05-23,CUS-0482,Customer 482,24.0,Male,Hyderabad,Telangana,South,ELE-101,Wireless Headphones,Electronics,2499,3.0,0.05,0,Credit Card,Paid Search,Delivered,5.0,7.0,7122.15,2025-05
ORD-00780,2025-02-11,CUS-0265,Customer 265,45.0,Female,Hyderabad,Telangana,South,ELE-101,Wireless Headphones,Electronics,2499,1.0,0.2,0,Credit Card,Organic Search,Delivered,5.0,8.0,1999.2,2025-02
ORD-00781,2025-05-07,CUS-0342,Customer 342,41.0,Non-binary,Kolkata,West Bengal,East,FAS-302,Running Shoes,Fashion,2599,1.0,0.0,99,Debit Card,Referral,Returned,,,2698.0,2025-05
ORD-00782,2024-03-02,CUS-0214,Customer 214,39.0,Male,Pune,Maharashtra,West,GRO-501,Coffee Beans,Grocery,549,1.0,0.0,99,Debit Card,Email,Delivered,4.0,3.0,648.0,2024-03
ORD-00783,2024-06-12,CUS-0064,Customer 64,59.0,Female,Chennai,Tamil Nadu,South,FAS-302,Running Shoes,Fashion,2599,3.0,0.0,0,Credit Card,Paid Search,Delivered,5.0,7.0,7797.0,2024-06
ORD-00784,2024-02-01,CUS-0296,Customer 296,42.0,Male,Jaipur,Rajasthan,North,GRO-501,Coffee Beans,Grocery,549,3.0,0.15,49,Debit Card,Paid Search,Delivered,5.0,2.0,1448.95,2024-02
ORD-00785,2024-02-21,CUS-0287,Customer 287,59.0,Non-binary,Chennai,Tamil Nadu,South,HOM-202,LED Desk Lamp,Home & Living,999,4.0,0.0,79,UPI,Social Media,Delivered,4.0,8.0,4075.0,2024-02
ORD-00786,2024-08-16,CUS-0296,Customer 296,39.0,Male,Bengaluru,Karnataka,South,FAS-301,Casual T-Shirt,Fashion,799,1.0,0.1,79,UPI,Paid Search,Delivered,5.0,3.0,798.1,2024-08
ORD-00787,2024-07-08,CUS-0361,Customer 361,60.0,Female,Chennai,Tamil Nadu,South,HOM-202,LED Desk Lamp,Home & Living,999,2.0,0.2,0,UPI,Social Media,Cancelled,,,1598.4,2024-07
ORD-00788,2025-03-25,CUS-0233,Customer 233,65.0,Non-binary,Chennai,Tamil Nadu,South,BEA-401,Skin Care Kit,Beauty,1299,4.0,0.05,49,Credit Card,Organic Search,Delivered,5.0,3.0,4985.2,2025-03
ORD-00789,2024-04-29,CUS-0081,Customer 81,56.0,Female,Hyderabad,Telangana,South,HOM-201,Cotton Bedsheet,Home & Living,1199,2.0,0.15,0,UPI,Email,Delivered,3.0,4.0,2038.3,2024-04
ORD-00790,2024-10-27,CUS-0144,Customer 144,32.0,Female,Hyderabad,Telangana,South,ELE-103,Smart Watch,Electronics,4299,1.0,0.15,0,UPI,Referral,Cancelled,,,3654.15,2024-10
ORD-00791,2025-03-13,CUS-0446,Customer 446,35.0,Non-binary,Chennai,Tamil Nadu,South,GRO-501,Coffee Beans,Grocery,549,3.0,0.0,0,UPI,Paid Search,Delivered,4.0,5.0,1647.0,2025-03
ORD-00792,2025-02-10,CUS-0350,Customer 350,46.0,Non-binary,Bengaluru,Karnataka,South,FAS-301,Casual T-Shirt,Fashion,799,3.0,0.2,99,Credit Card,Organic Search,Delivered,3.0,7.0,2016.6000000000001,2025-02
ORD-00793,2024-01-02,CUS-0116,Customer 116,49.0,Male,Pune,Maharashtra,West,FAS-303,Backpack,Fashion,1499,4.0,0.2,0,Cash on Delivery,Email,Delivered,4.0,4.0,4796.8,2024-01
ORD-00794,2025-04-20,CUS-0441,Customer 441,32.0,Female,Hyderabad,Telangana,South,HOM-202,LED Desk Lamp,Home & Living,999,1.0,0.0,0,UPI,Organic Search,Cancelled,,,999.0,2025-04
ORD-00795,2025-04-04,CUS-0485,Customer 485,42.0,Male,Bhubaneswar,Odisha,East,BEA-402,Hair Dryer,Beauty,1799,2.0,0.15,79,Debit Card,Email,Delivered,4.0,6.0,3137.2999999999997,2025-04
ORD-00796,2024-08-08,CUS-0202,Customer 202,63.0,Non-binary,Bengaluru,Karnataka,South,FAS-302,Running Shoes,Fashion,2599,2.0,0.0,49,Debit Card,Email,Delivered,3.0,6.0,5247.0,2024-08
ORD-00797,2025-12-01,CUS-0408,Customer 408,20.0,Female,Jaipur,Rajasthan,North,HOM-203,Storage Organizer,Home & Living,699,1.0,0.0,79,Cash on Delivery,Organic Search,Delivered,3.0,3.0,778.0,2025-12
ORD-00798,2024-09-06,CUS-0198,Customer 198,21.0,Non-binary,Delhi,Delhi,North,BEA-401,Skin Care Kit,Beauty,1299,2.0,0.0,0,UPI,Organic Search,Cancelled,,,2598.0,2024-09
ORD-00799,2025-04-14,CUS-0376,Customer 376,63.0,Non-binary,Hyderabad,Telangana,South,HOM-203,Storage Organizer,Home & Living,699,4.0,0.0,79,Credit Card,Social Media,Delivered,3.0,5.0,2875.0,2025-04
ORD-00800,2024-06-11,CUS-0410,Customer 410,34.0,Non-binary,Mumbai,Maharashtra,West,HOM-203,Storage Organizer,Home & Living,699,4.0,0.15,49,Debit Card,Referral,Delivered,5.0,7.0,2425.6,2024-06
ORD-00801,2025-10-25,CUS-0393,Customer 393,52.0,Non-binary,Jaipur,Rajasthan,North,BEA-402,Hair Dryer,Beauty,1799,4.0,0.1,0,Wallet,Organic Search,Delivered,4.0,7.0,6476.400000000001,2025-10
ORD-00802,2025-11-10,CUS-0383,Customer 383,48.0,Female,Delhi,Delhi,North,FAS-303,Backpack,Fashion,1499,2.0,0.15,79,Credit Card,Organic Search,Delivered,3.0,3.0,2627.2999999999997,2025-11
ORD-00803,2025-05-24,CUS-0311,Customer 311,49.0,Non-binary,Hyderabad,Telangana,South,ELE-101,Wireless Headphones,Electronics,2499,1.0,0.0,49,Credit Card,Direct,Returned,,,2548.0,2025-05
ORD-00804,2024-12-15,CUS-0423,Customer 423,62.0,Non-binary,Bhubaneswar,Odisha,East,FAS-302,Running Shoes,Fashion,2599,2.0,0.05,49,Cash on Delivery,Referral,Delivered,3.0,8.0,4987.099999999999,2024-12
ORD-00805,2024-06-23,CUS-0321,Customer 321,43.0,Non-binary,Jaipur,Rajasthan,North,GRO-501,Coffee Beans,Grocery,549,1.0,0.0,49,Debit Card,Social Media,Delivered,4.0,6.0,598.0,2024-06
ORD-00806,2024-12-26,CUS-0196,Customer 196,19.0,Non-binary,Kolkata,West Bengal,East,BEA-401,Skin Care Kit,Beauty,1299,3.0,0.0,79,Cash on Delivery,Direct,Delivered,4.0,6.0,3976.0,2024-12
ORD-00807,2025-07-28,CUS-0287,Customer 287,52.0,Male,Bhubaneswar,Odisha,East,ELE-102,Bluetooth Speaker,Electronics,1899,4.0,0.2,99,Cash on Delivery,Referral,Delivered,5.0,6.0,6175.8,2025-07
ORD-00808,2025-03-23,CUS-0040,Customer 40,36.0,Non-binary,Hyderabad,Telangana,South,HOM-202,LED Desk Lamp,Home & Living,999,2.0,0.1,99,Debit Card,Direct,Delivered,3.0,2.0,1897.2,2025-03
ORD-00809,2024-09-07,CUS-0319,Customer 319,28.0,Female,Mumbai,Maharashtra,West,ELE-103,Smart Watch,Electronics,4299,4.0,0.05,0,Credit Card,Referral,Cancelled,,,16336.199999999999,2024-09
ORD-00810,2024-07-08,CUS-0028,Customer 28,53.0,Female,Kolkata,West Bengal,East,ELE-103,Smart Watch,Electronics,4299,4.0,0.15,99,UPI,Referral,Returned,,,14715.6,2024-07
ORD-00811,2025-05-22,CUS-0013,Customer 13,60.0,Male,Bhubaneswar,Odisha,East,GRO-501,Coffee Beans,Grocery,549,2.0,0.0,0,Cash on Delivery,Paid Search,Cancelled,,,1098.0,2025-05
ORD-00812,2025-09-10,CUS-0431,Customer 431,18.0,Non-binary,Jaipur,Rajasthan,North,ELE-101,Wireless Headphones,Electronics,2499,4.0,0.2,0,Debit Card,Email,Delivered,3.0,7.0,7996.8,2025-09
ORD-00813,2025-11-30,CUS-0393,Customer 393,37.0,Non-binary,Pune,Maharashtra,West,HOM-201,Cotton Bedsheet,Home & Living,1199,2.0,0.1,0,Wallet,Paid Search,Cancelled,,,2158.2000000000003,2025-11
ORD-00814,2024-04-10,CUS-0056,Customer 56,57.0,Female,Chennai,Tamil Nadu,South,GRO-501,Coffee Beans,Grocery,549,4.0,0.1,0,Cash on Delivery,Email,Delivered,5.0,5.0,1976.4,2024-04
ORD-00815,2024-06-03,CUS-0373,Customer 373,22.0,Female,Mumbai,Maharashtra,West,ELE-101,Wireless Headphones,Electronics,2499,1.0,0.0,99,UPI,Organic Search,Delivered,4.0,2.0,2598.0,2024-06
ORD-00816,2025-01-25,CUS-0299,Customer 299,37.0,Female,Kolkata,West Bengal,East,HOM-203,Storage Organizer,Home & Living,699,2.0,0.05,79,Debit Card,Referral,Delivered,3.0,3.0,1407.1,2025-01
ORD-00817,2025-07-08,CUS-0402,Customer 402,60.0,Female,Kolkata,West Bengal,East,HOM-203,Storage Organizer,Home & Living,699,4.0,0.05,0,UPI,Direct,Returned,,,2656.2,2025-07
ORD-00818,2024-11-01,CUS-0361,Customer 361,51.0,Male,Pune,Maharashtra,West,FAS-303,Backpack,Fashion,1499,3.0,0.2,49,Credit Card,Social Media,Delivered,4.0,8.0,3646.6000000000004,2024-11
ORD-00819,2024-06-01,CUS-0111,Customer 111,28.0,Non-binary,Jaipur,Rajasthan,North,FAS-301,Casual T-Shirt,Fashion,799,1.0,0.05,79,Cash on Delivery,Organic Search,Returned,,,838.05,2024-06
ORD-00820,2024-03-17,CUS-0266,Customer 266,44.0,Female,Hyderabad,Telangana,South,FAS-303,Backpack,Fashion,1499,2.0,0.2,49,Wallet,Social Media,Delivered,5.0,7.0,2447.4,2024-03
ORD-00821,2024-02-19,CUS-0269,Customer 269,54.0,Male,Chennai,Tamil Nadu,South,HOM-202,LED Desk Lamp,Home & Living,999,2.0,0.05,99,UPI,Organic Search,Delivered,3.0,8.0,1997.1,2024-02
ORD-00822,2025-08-29,CUS-0069,Customer 69,42.0,Non-binary,Pune,Maharashtra,West,ELE-101,Wireless Headphones,Electronics,2499,4.0,0.0,0,Credit Card,Direct,Cancelled,,,9996.0,2025-08
ORD-00823,2024-07-17,CUS-0360,Customer 360,31.0,Female,Mumbai,Maharashtra,West,ELE-101,Wireless Headphones,Electronics,2499,1.0,0.0,99,Wallet,Direct,Delivered,4.0,7.0,2598.0,2024-07
ORD-00824,2025-07-02,CUS-0209,Customer 209,50.0,Non-binary,Jaipur,Rajasthan,North,HOM-203,Storage Organizer,Home & Living,699,1.0,0.0,99,Wallet,Organic Search,Delivered,3.0,5.0,798.0,2025-07
ORD-00825,2024-06-17,CUS-0232,Customer 232,30.0,Female,Jaipur,Rajasthan,North,FAS-303,Backpack,Fashion,1499,3.0,0.05,49,UPI,Social Media,Delivered,5.0,4.0,4321.15,2024-06
ORD-00826,2025-02-01,CUS-0035,Customer 35,49.0,Male,Jaipur,Rajasthan,North,BEA-402,Hair Dryer,Beauty,1799,1.0,0.15,0,Wallet,Email,Delivered,3.0,1.0,1529.1499999999999,2025-02
ORD-00827,2025-04-23,CUS-0318,Customer 318,55.0,Male,Bengaluru,Karnataka,South,HOM-201,Cotton Bedsheet,Home & Living,1199,3.0,0.0,49,Credit Card,Referral,Returned,,,3646.0,2025-04
ORD-00828,2025-11-20,CUS-0475,Customer 475,37.0,Male,Kolkata,West Bengal,East,FAS-301,Casual T-Shirt,Fashion,799,4.0,0.05,0,Wallet,Email,Delivered,5.0,5.0,3036.2,2025-11
ORD-00829,2024-11-08,CUS-0150,Customer 150,33.0,Male,Hyderabad,Telangana,South,FAS-303,Backpack,Fashion,1499,2.0,0.05,99,Cash on Delivery,Organic Search,Delivered,5.0,4.0,2947.1,2024-11
ORD-00830,2025-01-17,CUS-0486,Customer 486,65.0,Non-binary,Bhubaneswar,Odisha,East,ELE-102,Bluetooth Speaker,Electronics,1899,1.0,0.05,79,UPI,Paid Search,Delivered,5.0,6.0,1883.05,2025-01
ORD-00831,2024-02-09,CUS-0133,Customer 133,26.0,Male,Kolkata,West Bengal,East,ELE-101,Wireless Headphones,Electronics,2499,3.0,0.05,49,Cash on Delivery,Direct,Delivered,4.0,4.0,7171.15,2024-02
ORD-00832,2024-12-17,CUS-0102,Customer 102,62.0,Non-binary,Bengaluru,Karnataka,South,HOM-203,Storage Organizer,Home & Living,699,4.0,0.15,99,UPI,Email,Delivered,5.0,3.0,2475.6,2024-12
ORD-00833,2024-05-13,CUS-0451,Customer 451,38.0,Female,Mumbai,Maharashtra,West,ELE-103,Smart Watch,Electronics,4299,4.0,0.1,0,UPI,Organic Search,Delivered,3.0,7.0,15476.4,2024-05
ORD-00834,2025-08-29,CUS-0024,Customer 24,26.0,Male,Mumbai,Maharashtra,West,BEA-401,Skin Care Kit,Beauty,1299,1.0,0.2,79,Debit Card,Email,Returned,,,1118.2,2025-08
ORD-00835,2025-12-24,CUS-0139,Customer 139,51.0,Male,Chennai,Tamil Nadu,South,FAS-302,Running Shoes,Fashion,2599,1.0,0.05,0,Credit Card,Email,Delivered,3.0,3.0,2469.0499999999997,2025-12
ORD-00836,2024-11-29,CUS-0238,Customer 238,28.0,Male,Bhubaneswar,Odisha,East,HOM-202,LED Desk Lamp,Home & Living,999,4.0,0.15,0,Credit Card,Email,Cancelled,,,3396.6,2024-11
ORD-00837,2025-02-17,CUS-0281,Customer 281,20.0,Female,Kolkata,West Bengal,East,FAS-301,Casual T-Shirt,Fashion,799,4.0,0.05,49,Debit Card,Social Media,Returned,,,3085.2,2025-02
ORD-00838,2024-08-14,CUS-0388,Customer 388,28.0,Female,Hyderabad,Telangana,South,BEA-402,Hair Dryer,Beauty,1799,4.0,0.15,0,Wallet,Social Media,Returned,,,6116.599999999999,2024-08
ORD-00839,2024-07-08,CUS-0140,Customer 140,41.0,Non-binary,Bengaluru,Karnataka,South,FAS-302,Running Shoes,Fashion,2599,2.0,0.0,79,Debit Card,Paid Search,Delivered,4.0,7.0,5277.0,2024-07
ORD-00840,2024-05-12,CUS-0510,Customer 510,26.0,Non-binary,Jaipur,Rajasthan,North,ELE-102,Bluetooth Speaker,Electronics,1899,3.0,0.15,79,Credit Card,Direct,Delivered,3.0,7.0,4921.45,2024-05
ORD-00841,2025-08-01,CUS-0263,Customer 263,43.0,Non-binary,Pune,Maharashtra,West,HOM-201,Cotton Bedsheet,Home & Living,1199,4.0,0.1,79,UPI,Email,Returned,,,4395.400000000001,2025-08
ORD-00842,2024-11-19,CUS-0291,Customer 291,19.0,Male,Kolkata,West Bengal,East,BEA-402,Hair Dryer,Beauty,1799,3.0,0.0,49,UPI,Direct,Delivered,5.0,5.0,5446.0,2024-11
ORD-00843,2025-11-19,CUS-0432,Customer 432,55.0,Male,Hyderabad,Telangana,South,BEA-402,Hair Dryer,Beauty,1799,4.0,0.0,0,Cash on Delivery,Organic Search,Cancelled,,,7196.0,2025-11
ORD-00844,2024-06-16,CUS-0127,Customer 127,24.0,Male,Bengaluru,Karnataka,South,FAS-302,Running Shoes,Fashion,2599,1.0,0.1,0,UPI,Direct,Cancelled,,,2339.1,2024-06
ORD-00845,2024-05-15,CUS-0090,Customer 90,48.0,Male,Bengaluru,Karnataka,South,FAS-303,Backpack,Fashion,1499,4.0,0.2,79,UPI,Referral,Delivered,3.0,6.0,4875.8,2024-05
ORD-00846,2024-03-09,CUS-0012,Customer 12,33.0,Female,Bengaluru,Karnataka,South,HOM-202,LED Desk Lamp,Home & Living,999,2.0,0.2,49,UPI,Social Media,Delivered,5.0,5.0,1647.4,2024-03
ORD-00847,2024-03-29,CUS-0385,Customer 385,38.0,Male,Mumbai,Maharashtra,West,BEA-402,Hair Dryer,Beauty,1799,2.0,0.15,49,UPI,Paid Search,Delivered,3.0,6.0,3107.2999999999997,2024-03
ORD-00848,2024-07-02,CUS-0486,Customer 486,31.0,Male,Delhi,Delhi,North,GRO-501,Coffee Beans,Grocery,549,2.0,0.0,99,Credit Card,Email,Delivered,4.0,7.0,1197.0,2024-07
ORD-00849,2025-05-21,CUS-0418,Customer 418,18.0,Male,Chennai,Tamil Nadu,South,HOM-202,LED Desk Lamp,Home & Living,999,4.0,0.0,79,UPI,Direct,Delivered,4.0,4.0,4075.0,2025-05
ORD-00850,2025-01-30,CUS-0412,Customer 412,36.0,Female,Kolkata,West Bengal,East,BEA-402,Hair Dryer,Beauty,1799,4.0,0.0,99,Credit Card,Paid Search,Delivered,3.0,6.0,7295.0,2025-01
ORD-00851,2024-08-06,CUS-0449,Customer 449,62.0,Male,Delhi,Delhi,North,HOM-202,LED Desk Lamp,Home & Living,999,1.0,0.1,99,Debit Card,Organic Search,Delivered,4.0,4.0,998.1,2024-08
ORD-00852,2025-04-06,CUS-0001,Customer 1,50.0,Non-binary,Mumbai,Maharashtra,West,ELE-103,Smart Watch,Electronics,4299,2.0,0.0,99,UPI,Social Media,Delivered,3.0,3.0,8697.0,2025-04
ORD-00853,2024-08-22,CUS-0113,Customer 113,37.0,Non-binary,Kolkata,West Bengal,East,BEA-401,Skin Care Kit,Beauty,1299,4.0,0.0,99,Cash on Delivery,Organic Search,Delivered,4.0,2.0,5295.0,2024-08
ORD-00854,2024-05-31,CUS-0333,Customer 333,20.0,Female,Jaipur,Rajasthan,North,GRO-501,Coffee Beans,Grocery,549,3.0,0.2,79,UPI,Referral,Delivered,3.0,5.0,1396.6000000000001,2024-05
ORD-00855,2025-05-26,CUS-0342,Customer 342,58.0,Male,Hyderabad,Telangana,South,ELE-102,Bluetooth Speaker,Electronics,1899,3.0,0.0,99,Credit Card,Referral,Delivered,5.0,6.0,5796.0,2025-05
ORD-00856,2025-10-19,CUS-0348,Customer 348,36.0,Male,Kolkata,West Bengal,East,FAS-303,Backpack,Fashion,1499,4.0,0.1,79,Credit Card,Direct,Delivered,5.0,8.0,5475.400000000001,2025-10
ORD-00857,2025-02-10,CUS-0227,Customer 227,47.0,Male,Chennai,Tamil Nadu,South,HOM-203,Storage Organizer,Home & Living,699,3.0,0.0,99,Wallet,Organic Search,Delivered,3.0,1.0,2196.0,2025-02
ORD-00858,2025-02-18,CUS-0132,Customer 132,38.0,Male,Kolkata,West Bengal,East,BEA-402,Hair Dryer,Beauty,1799,2.0,0.0,49,Wallet,Organic Search,Delivered,5.0,6.0,3647.0,2025-02
ORD-00859,2024-12-09,CUS-0372,Customer 372,56.0,Female,Jaipur,Rajasthan,North,FAS-302,Running Shoes,Fashion,2599,2.0,0.05,49,Credit Card,Referral,Delivered,5.0,1.0,4987.099999999999,2024-12
ORD-00860,2024-03-24,CUS-0027,Customer 27,42.0,Non-binary,Mumbai,Maharashtra,West,BEA-401,Skin Care Kit,Beauty,1299,2.0,0.05,0,Debit Card,Referral,Delivered,5.0,6.0,2468.1,2024-03
ORD-00861,2024-08-03,CUS-0009,Customer 9,44.0,Female,Hyderabad,Telangana,South,ELE-101,Wireless Headphones,Electronics,2499,1.0,0.05,79,Wallet,Organic Search,Delivered,3.0,5.0,2453.0499999999997,2024-08
ORD-00862,2024-10-01,CUS-0294,Customer 294,35.0,Male,Bengaluru,Karnataka,South,HOM-201,Cotton Bedsheet,Home & Living,1199,3.0,0.15,99,Wallet,Paid Search,Delivered,5.0,8.0,3156.45,2024-10
ORD-00863,2025-03-15,CUS-0202,Customer 202,57.0,Female,Bengaluru,Karnataka,South,FAS-301,Casual T-Shirt,Fashion,799,3.0,0.2,0,UPI,Social Media,Cancelled,,,1917.6000000000001,2025-03
ORD-00864,2024-06-12,CUS-0021,Customer 21,62.0,Non-binary,Delhi,Delhi,North,HOM-203,Storage Organizer,Home & Living,699,2.0,0.15,79,Credit Card,Social Media,Delivered,3.0,4.0,1267.3,2024-06
ORD-00865,2025-05-18,CUS-0287,Customer 287,30.0,Female,Delhi,Delhi,North,ELE-102,Bluetooth Speaker,Electronics,1899,4.0,0.0,99,UPI,Direct,Delivered,5.0,4.0,7695.0,2025-05
ORD-00866,2025-11-24,CUS-0351,Customer 351,51.0,Male,Chennai,Tamil Nadu,South,ELE-103,Smart Watch,Electronics,4299,4.0,0.15,99,Wallet,Referral,Delivered,3.0,6.0,14715.6,2025-11
ORD-00867,2024-03-29,CUS-0130,Customer 130,32.0,Non-binary,Jaipur,Rajasthan,North,ELE-101,Wireless Headphones,Electronics,2499,3.0,0.15,99,UPI,Email,Returned,,,6471.45,2024-03
ORD-00868,2025-12-01,CUS-0208,Customer 208,34.0,Female,Kolkata,West Bengal,East,FAS-303,Backpack,Fashion,1499,3.0,0.1,49,Credit Card,Direct,Delivered,4.0,4.0,4096.3,2025-12
ORD-00869,2025-10-26,CUS-0125,Customer 125,56.0,Female,Bhubaneswar,Odisha,East,ELE-101,Wireless Headphones,Electronics,2499,4.0,0.1,49,UPI,Direct,Delivered,4.0,7.0,9045.4,2025-10
ORD-00870,2024-12-28,CUS-0298,Customer 298,37.0,Non-binary,Hyderabad,Telangana,South,FAS-302,Running Shoes,Fashion,2599,1.0,0.05,79,Debit Card,Paid Search,Delivered,5.0,3.0,2548.0499999999997,2024-12
ORD-00871,2024-05-17,CUS-0276,Customer 276,57.0,Male,Jaipur,Rajasthan,North,ELE-103,Smart Watch,Electronics,4299,3.0,0.2,0,Cash on Delivery,Email,Cancelled,,,10317.6,2024-05
ORD-00872,2025-06-09,CUS-0131,Customer 131,39.0,Non-binary,Bhubaneswar,Odisha,East,HOM-202,LED Desk Lamp,Home & Living,999,1.0,0.0,79,Credit Card,Referral,Delivered,5.0,2.0,1078.0,2025-06
ORD-00873,2024-06-02,CUS-0469,Customer 469,52.0,Non-binary,Mumbai,Maharashtra,West,BEA-401,Skin Care Kit,Beauty,1299,1.0,0.05,0,UPI,Email,Cancelled,,,1234.05,2024-06
ORD-00874,2025-08-20,CUS-0393,Customer 393,61.0,Male,Chennai,Tamil Nadu,South,FAS-303,Backpack,Fashion,1499,1.0,0.0,49,UPI,Referral,Delivered,4.0,4.0,1548.0,2025-08
ORD-00875,2024-06-02,CUS-0148,Customer 148,48.0,Male,Chennai,Tamil Nadu,South,HOM-202,LED Desk Lamp,Home & Living,999,1.0,0.1,79,Credit Card,Organic Search,Returned,,,978.1,2024-06
ORD-00876,2024-07-04,CUS-0327,Customer 327,24.0,Male,Delhi,Delhi,North,FAS-301,Casual T-Shirt,Fashion,799,4.0,0.0,49,Debit Card,Organic Search,Delivered,5.0,3.0,3245.0,2024-07
ORD-00877,2025-07-24,CUS-0142,Customer 142,58.0,Female,Chennai,Tamil Nadu,South,GRO-501,Coffee Beans,Grocery,549,4.0,0.1,79,UPI,Social Media,Delivered,4.0,3.0,2055.4,2025-07
ORD-00878,2024-08-04,CUS-0159,Customer 159,57.0,Non-binary,Hyderabad,Telangana,South,BEA-401,Skin Care Kit,Beauty,1299,3.0,0.2,99,Cash on Delivery,Referral,Delivered,4.0,7.0,3216.6000000000004,2024-08
ORD-00879,2025-08-12,CUS-0498,Customer 498,60.0,Male,Jaipur,Rajasthan,North,BEA-402,Hair Dryer,Beauty,1799,4.0,0.05,99,Cash on Delivery,Referral,Delivered,4.0,8.0,6935.2,2025-08
ORD-00880,2024-08-13,CUS-0242,Customer 242,20.0,Male,Jaipur,Rajasthan,North,BEA-402,Hair Dryer,Beauty,1799,2.0,0.05,99,Wallet,Referral,Delivered,5.0,3.0,3517.1,2024-08
ORD-00881,2024-01-18,CUS-0268,Customer 268,59.0,Female,Hyderabad,Telangana,South,GRO-501,Coffee Beans,Grocery,549,3.0,0.15,79,Debit Card,Paid Search,Delivered,3.0,5.0,1478.95,2024-01
ORD-00882,2025-02-21,CUS-0011,Customer 11,26.0,Non-binary,Hyderabad,Telangana,South,FAS-301,Casual T-Shirt,Fashion,799,3.0,0.05,79,UPI,Email,Delivered,3.0,2.0,2356.15,2025-02
ORD-00883,2025-03-07,CUS-0006,Customer 6,35.0,Female,Pune,Maharashtra,West,FAS-303,Backpack,Fashion,1499,1.0,0.0,49,Credit Card,Paid Search,Delivered,5.0,8.0,1548.0,2025-03
ORD-00884,2025-06-23,CUS-0119,Customer 119,60.0,Female,Delhi,Delhi,North,GRO-501,Coffee Beans,Grocery,549,1.0,0.1,0,Debit Card,Organic Search,Delivered,4.0,2.0,494.1,2025-06
ORD-00885,2024-11-11,CUS-0043,Customer 43,25.0,Male,Bhubaneswar,Odisha,East,GRO-501,Coffee Beans,Grocery,549,3.0,0.2,0,UPI,Email,Cancelled,,,1317.6000000000001,2024-11
ORD-00886,2024-03-25,CUS-0284,Customer 284,54.0,Non-binary,Kolkata,West Bengal,East,ELE-103,Smart Watch,Electronics,4299,4.0,0.0,99,UPI,Referral,Delivered,3.0,8.0,17295.0,2024-03
ORD-00887,2025-11-20,CUS-0071,Customer 71,52.0,Male,Hyderabad,Telangana,South,BEA-401,Skin Care Kit,Beauty,1299,2.0,0.15,49,Debit Card,Referral,Delivered,5.0,1.0,2257.2999999999997,2025-11
ORD-00888,2024-12-08,CUS-0436,Customer 436,49.0,Non-binary,Delhi,Delhi,North,BEA-402,Hair Dryer,Beauty,1799,3.0,0.2,99,Debit Card,Social Media,Delivered,4.0,2.0,4416.6,2024-12
ORD-00889,2025-04-16,CUS-0142,Customer 142,53.0,Non-binary,Bengaluru,Karnataka,South,FAS-303,Backpack,Fashion,1499,3.0,0.2,0,Cash on Delivery,Organic Search,Cancelled,,,3597.6000000000004,2025-04
ORD-00890,2024-09-06,CUS-0476,Customer 476,40.0,Female,Bengaluru,Karnataka,South,GRO-501,Coffee Beans,Grocery,549,4.0,0.1,0,UPI,Organic Search,Delivered,4.0,5.0,1976.4,2024-09
ORD-00891,2024-07-31,CUS-0014,Customer 14,35.0,Non-binary,Jaipur,Rajasthan,North,HOM-201,Cotton Bedsheet,Home & Living,1199,3.0,0.1,99,Debit Card,Referral,Delivered,4.0,7.0,3336.3,2024-07
ORD-00892,2025-10-09,CUS-0306,Customer 306,54.0,Female,Hyderabad,Telangana,South,FAS-301,Casual T-Shirt,Fashion,799,4.0,0.15,99,Debit Card,Paid Search,Delivered,5.0,1.0,2815.6,2025-10
ORD-00893,2024-03-11,CUS-0341,Customer 341,62.0,Male,Pune,Maharashtra,West,BEA-402,Hair Dryer,Beauty,1799,3.0,0.1,0,Credit Card,Paid Search,Delivered,4.0,8.0,4857.3,2024-03
ORD-00894,2024-03-01,CUS-0499,Customer 499,60.0,Male,Chennai,Tamil Nadu,South,ELE-101,Wireless Headphones,Electronics,2499,4.0,0.1,49,Cash on Delivery,Email,Delivered,4.0,3.0,9045.4,2024-03
ORD-00895,2025-09-28,CUS-0181,Customer 181,56.0,Male,Jaipur,Rajasthan,North,FAS-301,Casual T-Shirt,Fashion,799,2.0,0.2,79,UPI,Direct,Returned,,,1357.4,2025-09
ORD-00896,2024-11-14,CUS-0150,Customer 150,25.0,Non-binary,Bhubaneswar,Odisha,East,FAS-302,Running Shoes,Fashion,2599,3.0,0.05,99,Cash on Delivery,Paid Search,Delivered,4.0,8.0,7506.15,2024-11
ORD-00897,2024-01-19,CUS-0296,Customer 296,50.0,Non-binary,Delhi,Delhi,North,HOM-203,Storage Organizer,Home & Living,699,3.0,0.05,0,Cash on Delivery,Paid Search,Delivered,3.0,7.0,1992.1499999999999,2024-01
ORD-00898,2024-12-31,CUS-0214,Customer 214,51.0,Female,Jaipur,Rajasthan,North,ELE-102,Bluetooth Speaker,Electronics,1899,4.0,0.0,79,Wallet,Referral,Delivered,4.0,5.0,7675.0,2024-12
ORD-00899,2024-08-25,CUS-0453,Customer 453,31.0,Male,Kolkata,West Bengal,East,BEA-402,Hair Dryer,Beauty,1799,3.0,0.0,79,Debit Card,Email,Delivered,5.0,3.0,5476.0,2024-08
ORD-00900,2025-09-06,CUS-0269,Customer 269,56.0,Male,Jaipur,Rajasthan,North,ELE-103,Smart Watch,Electronics,4299,4.0,0.05,99,Wallet,Email,Delivered,3.0,2.0,16435.199999999997,2025-09
ORD-00901,2024-01-19,CUS-0440,Customer 440,26.0,Non-binary,Delhi,Delhi,North,FAS-303,Backpack,Fashion,1499,2.0,0.05,49,Credit Card,Organic Search,Delivered,4.0,3.0,2897.1,2024-01
ORD-00902,2025-03-08,CUS-0122,Customer 122,56.0,Non-binary,Hyderabad,Telangana,South,FAS-301,Casual T-Shirt,Fashion,799,3.0,0.1,0,Credit Card,Direct,Cancelled,,,2157.3,2025-03
ORD-00903,2025-06-04,CUS-0334,Customer 334,28.0,Male,Bengaluru,Karnataka,South,HOM-203,Storage Organizer,Home & Living,699,4.0,0.0,79,Cash on Delivery,Referral,Delivered,4.0,2.0,2875.0,2025-06
ORD-00904,2025-06-25,CUS-0050,Customer 50,33.0,Male,Delhi,Delhi,North,BEA-401,Skin Care Kit,Beauty,1299,3.0,0.1,49,Cash on Delivery,Social Media,Returned,,,3556.3,2025-06
ORD-00905,2025-02-24,CUS-0386,Customer 386,51.0,Non-binary,Bengaluru,Karnataka,South,ELE-101,Wireless Headphones,Electronics,2499,4.0,0.0,49,Cash on Delivery,Email,Returned,,,10045.0,2025-02
ORD-00906,2024-07-18,CUS-0496,Customer 496,54.0,Non-binary,Hyderabad,Telangana,South,ELE-103,Smart Watch,Electronics,4299,1.0,0.15,49,Credit Card,Organic Search,Delivered,5.0,5.0,3703.15,2024-07
ORD-00907,2025-02-04,CUS-0169,Customer 169,40.0,Non-binary,Delhi,Delhi,North,HOM-203,Storage Organizer,Home & Living,699,4.0,0.05,0,UPI,Social Media,Cancelled,,,2656.2,2025-02
ORD-00908,2025-01-10,CUS-0261,Customer 261,25.0,Non-binary,Mumbai,Maharashtra,West,BEA-401,Skin Care Kit,Beauty,1299,3.0,0.0,49,Credit Card,Social Media,Delivered,4.0,7.0,3946.0,2025-01
ORD-00909,2024-12-07,CUS-0345,Customer 345,41.0,Female,Hyderabad,Telangana,South,FAS-301,Casual T-Shirt,Fashion,799,4.0,0.05,0,Debit Card,Email,Delivered,4.0,3.0,3036.2,2024-12
ORD-00910,2025-10-09,CUS-0326,Customer 326,64.0,Female,Chennai,Tamil Nadu,South,GRO-501,Coffee Beans,Grocery,549,3.0,0.2,0,Cash on Delivery,Organic Search,Delivered,5.0,5.0,1317.6000000000001,2025-10
ORD-00911,2024-04-24,CUS-0396,Customer 396,65.0,Male,Kolkata,West Bengal,East,HOM-201,Cotton Bedsheet,Home & Living,1199,3.0,0.05,0,Credit Card,Referral,Cancelled,,,3417.1499999999996,2024-04
ORD-00912,2024-11-15,CUS-0124,Customer 124,21.0,Non-binary,Pune,Maharashtra,West,GRO-501,Coffee Beans,Grocery,549,3.0,0.2,0,UPI,Email,Delivered,3.0,5.0,1317.6000000000001,2024-11
ORD-00913,2024-04-03,CUS-0412,Customer 412,27.0,Male,Mumbai,Maharashtra,West,FAS-301,Casual T-Shirt,Fashion,799,1.0,0.1,79,Wallet,Referral,Returned,,,798.1,2024-04
ORD-00914,2024-06-20,CUS-0144,Customer 144,34.0,Female,Chennai,Tamil Nadu,South,FAS-301,Casual T-Shirt,Fashion,799,2.0,0.0,99,Wallet,Paid Search,Delivered,4.0,3.0,1697.0,2024-06
ORD-00915,2024-08-13,CUS-0221,Customer 221,28.0,Female,Chennai,Tamil Nadu,South,ELE-101,Wireless Headphones,Electronics,2499,3.0,0.15,0,Credit Card,Paid Search,Returned,,,6372.45,2024-08
ORD-00916,2025-06-06,CUS-0015,Customer 15,63.0,Male,Chennai,Tamil Nadu,South,BEA-401,Skin Care Kit,Beauty,1299,3.0,0.0,49,Debit Card,Organic Search,Returned,,,3946.0,2025-06
ORD-00917,2024-12-26,CUS-0052,Customer 52,60.0,Female,Mumbai,Maharashtra,West,ELE-102,Bluetooth Speaker,Electronics,1899,2.0,0.15,79,Debit Card,Organic Search,Delivered,3.0,5.0,3307.2999999999997,2024-12
ORD-00918,2024-04-24,CUS-0081,Customer 81,61.0,Non-binary,Bhubaneswar,Odisha,East,HOM-202,LED Desk Lamp,Home & Living,999,4.0,0.1,0,Cash on Delivery,Organic Search,Delivered,3.0,6.0,3596.4,2024-04
ORD-00919,2024-07-02,CUS-0022,Customer 22,55.0,Non-binary,Pune,Maharashtra,West,HOM-202,LED Desk Lamp,Home & Living,999,3.0,0.05,49,Credit Card,Referral,Returned,,,2896.15,2024-07
ORD-00920,2024-11-19,CUS-0352,Customer 352,18.0,Female,Mumbai,Maharashtra,West,FAS-303,Backpack,Fashion,1499,4.0,0.0,0,Wallet,Direct,Delivered,3.0,4.0,5996.0,2024-11
ORD-00921,2025-11-28,CUS-0174,Customer 174,34.0,Non-binary,Kolkata,West Bengal,East,GRO-501,Coffee Beans,Grocery,549,1.0,0.05,49,Cash on Delivery,Social Media,Delivered,3.0,6.0,570.55,2025-11
ORD-00922,2025-01-09,CUS-0092,Customer 92,57.0,Non-binary,Chennai,Tamil Nadu,South,GRO-501,Coffee Beans,Grocery,549,3.0,0.15,0,Debit Card,Email,Delivered,4.0,1.0,1399.95,2025-01
ORD-00923,2024-04-30,CUS-0151,Customer 151,19.0,Female,Bengaluru,Karnataka,South,HOM-203,Storage Organizer,Home & Living,699,3.0,0.15,49,Cash on Delivery,Direct,Delivered,4.0,2.0,1831.45,2024-04
ORD-00924,2025-07-11,CUS-0417,Customer 417,44.0,Female,Pune,Maharashtra,West,HOM-203,Storage Organizer,Home & Living,699,3.0,0.0,0,UPI,Social Media,Delivered,5.0,3.0,2097.0,2025-07
ORD-00925,2024-01-26,CUS-0516,Customer 516,54.0,Male,Hyderabad,Telangana,South,FAS-302,Running Shoes,Fashion,2599,4.0,0.05,0,Debit Card,Paid Search,Returned,,,9876.199999999999,2024-01
ORD-00926,2025-01-08,CUS-0233,Customer 233,62.0,Non-binary,Chennai,Tamil Nadu,South,HOM-202,LED Desk Lamp,Home & Living,999,2.0,0.0,0,Wallet,Paid Search,Delivered,3.0,2.0,1998.0,2025-01
ORD-00927,2025-12-04,CUS-0104,Customer 104,25.0,Male,Bhubaneswar,Odisha,East,ELE-101,Wireless Headphones,Electronics,2499,4.0,0.0,49,Debit Card,Direct,Returned,,,10045.0,2025-12
ORD-00928,2025-06-22,CUS-0331,Customer 331,29.0,Male,Mumbai,Maharashtra,West,ELE-102,Bluetooth Speaker,Electronics,1899,2.0,0.2,99,Credit Card,Paid Search,Delivered,4.0,4.0,3137.4,2025-06
ORD-00929,2024-10-31,CUS-0127,Customer 127,33.0,Female,Delhi,Delhi,North,BEA-402,Hair Dryer,Beauty,1799,3.0,0.05,79,Cash on Delivery,Direct,Delivered,3.0,3.0,5206.15,2024-10
ORD-00930,2024-08-15,CUS-0431,Customer 431,32.0,Non-binary,Jaipur,Rajasthan,North,HOM-201,Cotton Bedsheet,Home & Living,1199,4.0,0.0,49,Wallet,Email,Delivered,4.0,8.0,4845.0,2024-08
ORD-00931,2025-07-11,CUS-0318,Customer 318,53.0,Non-binary,Kolkata,West Bengal,East,FAS-303,Backpack,Fashion,1499,4.0,0.15,0,Debit Card,Email,Cancelled,,,5096.599999999999,2025-07
ORD-00932,2025-01-26,CUS-0062,Customer 62,59.0,Female,Jaipur,Rajasthan,North,HOM-202,LED Desk Lamp,Home & Living,999,3.0,0.1,49,Credit Card,Organic Search,Delivered,4.0,2.0,2746.3,2025-01
ORD-00933,2025-09-19,CUS-0514,Customer 514,44.0,Female,Jaipur,Rajasthan,North,BEA-401,Skin Care Kit,Beauty,1299,3.0,0.0,0,Debit Card,Referral,Cancelled,,,3897.0,2025-09
ORD-00934,2024-02-17,CUS-0469,Customer 469,49.0,Male,Kolkata,West Bengal,East,GRO-501,Coffee Beans,Grocery,549,1.0,0.15,0,UPI,Referral,Delivered,4.0,1.0,466.65,2024-02
ORD-00935,2025-11-02,CUS-0409,Customer 409,53.0,Male,Jaipur,Rajasthan,North,BEA-402,Hair Dryer,Beauty,1799,1.0,0.0,0,Cash on Delivery,Email,Returned,,,1799.0,2025-11
ORD-00936,2025-03-22,CUS-0153,Customer 153,20.0,Female,Chennai,Tamil Nadu,South,ELE-101,Wireless Headphones,Electronics,2499,4.0,0.0,79,UPI,Paid Search,Delivered,4.0,6.0,10075.0,2025-03
ORD-00937,2024-09-20,CUS-0265,Customer 265,33.0,Female,Bengaluru,Karnataka,South,HOM-202,LED Desk Lamp,Home & Living,999,3.0,0.0,79,Credit Card,Email,Delivered,5.0,2.0,3076.0,2024-09
ORD-00938,2025-06-04,CUS-0166,Customer 166,19.0,Male,Kolkata,West Bengal,East,ELE-103,Smart Watch,Electronics,4299,3.0,0.15,79,Credit Card,Paid Search,Delivered,3.0,1.0,11041.449999999999,2025-06
ORD-00939,2024-11-06,CUS-0340,Customer 340,58.0,Male,Delhi,Delhi,North,FAS-302,Running Shoes,Fashion,2599,4.0,0.15,79,Cash on Delivery,Referral,Delivered,4.0,6.0,8915.6,2024-11
ORD-00940,2024-12-22,CUS-0451,Customer 451,60.0,Non-binary,Chennai,Tamil Nadu,South,ELE-103,Smart Watch,Electronics,4299,1.0,0.0,49,Debit Card,Organic Search,Delivered,5.0,1.0,4348.0,2024-12
ORD-00941,2024-06-06,CUS-0368,Customer 368,39.0,Non-binary,Kolkata,West Bengal,East,BEA-402,Hair Dryer,Beauty,1799,2.0,0.0,99,Wallet,Social Media,Delivered,5.0,3.0,3697.0,2024-06
ORD-00942,2025-01-07,CUS-0401,Customer 401,35.0,Male,Jaipur,Rajasthan,North,FAS-303,Backpack,Fashion,1499,1.0,0.1,0,Credit Card,Paid Search,Delivered,3.0,7.0,1349.1000000000001,2025-01
ORD-00943,2025-01-03,CUS-0290,Customer 290,38.0,Male,Bengaluru,Karnataka,South,ELE-103,Smart Watch,Electronics,4299,1.0,0.0,99,Debit Card,Social Media,Delivered,3.0,5.0,4398.0,2025-01
ORD-00944,2024-11-14,CUS-0169,Customer 169,55.0,Male,Jaipur,Rajasthan,North,ELE-102,Bluetooth Speaker,Electronics,1899,4.0,0.0,0,UPI,Email,Delivered,4.0,4.0,7596.0,2024-11
ORD-00945,2025-07-24,CUS-0470,Customer 470,58.0,Male,Kolkata,West Bengal,East,BEA-401,Skin Care Kit,Beauty,1299,2.0,0.2,49,UPI,Email,Delivered,3.0,4.0,2127.4,2025-07
ORD-00946,2024-07-08,CUS-0143,Customer 143,56.0,Female,Bengaluru,Karnataka,South,HOM-201,Cotton Bedsheet,Home & Living,1199,3.0,0.05,49,Debit Card,Direct,Returned,,,3466.1499999999996,2024-07
ORD-00947,2025-06-29,CUS-0019,Customer 19,36.0,Non-binary,Delhi,Delhi,North,HOM-201,Cotton Bedsheet,Home & Living,1199,1.0,0.1,49,Cash on Delivery,Paid Search,Delivered,4.0,7.0,1128.1000000000001,2025-06
ORD-00948,2025-11-22,CUS-0382,Customer 382,59.0,Female,Bengaluru,Karnataka,South,HOM-201,Cotton Bedsheet,Home & Living,1199,1.0,0.05,79,Credit Card,Direct,Delivered,4.0,7.0,1218.05,2025-11
ORD-00949,2024-06-24,CUS-0207,Customer 207,43.0,Female,Chennai,Tamil Nadu,South,GRO-501,Coffee Beans,Grocery,549,1.0,0.2,99,UPI,Social Media,Delivered,5.0,5.0,538.2,2024-06
ORD-00950,2025-01-27,CUS-0186,Customer 186,23.0,Female,Kolkata,West Bengal,East,FAS-301,Casual T-Shirt,Fashion,799,4.0,0.0,0,Credit Card,Referral,Delivered,4.0,3.0,3196.0,2025-01
ORD-00951,2025-01-09,CUS-0365,Customer 365,56.0,Male,Mumbai,Maharashtra,West,ELE-102,Bluetooth Speaker,Electronics,1899,2.0,0.15,49,Credit Card,Referral,Delivered,3.0,5.0,3277.2999999999997,2025-01
ORD-00952,2025-07-05,CUS-0090,Customer 90,45.0,Male,Pune,Maharashtra,West,ELE-102,Bluetooth Speaker,Electronics,1899,3.0,0.0,0,Wallet,Organic Search,Delivered,5.0,2.0,5697.0,2025-07
ORD-00953,2024-09-08,CUS-0138,Customer 138,54.0,Non-binary,Pune,Maharashtra,West,ELE-101,Wireless Headphones,Electronics,2499,4.0,0.1,49,Wallet,Organic Search,Delivered,5.0,2.0,9045.4,2024-09
ORD-00954,2024-09-10,CUS-0014,Customer 14,63.0,Male,Mumbai,Maharashtra,West,FAS-302,Running Shoes,Fashion,2599,2.0,0.1,49,Wallet,Direct,Delivered,5.0,3.0,4727.2,2024-09
ORD-00955,2025-07-13,CUS-0410,Customer 410,58.0,Non-binary,Jaipur,Rajasthan,North,FAS-303,Backpack,Fashion,1499,4.0,0.1,49,Debit Card,Direct,Returned,,,5445.400000000001,2025-07
ORD-00956,2025-08-28,CUS-0077,Customer 77,25.0,Female,Pune,Maharashtra,West,BEA-401,Skin Care Kit,Beauty,1299,2.0,0.0,0,Wallet,Referral,Returned,,,2598.0,2025-08
ORD-00957,2024-12-17,CUS-0379,Customer 379,50.0,Non-binary,Mumbai,Maharashtra,West,FAS-301,Casual T-Shirt,Fashion,799,4.0,0.15,99,Wallet,Organic Search,Delivered,3.0,4.0,2815.6,2024-12
ORD-00958,2025-06-15,CUS-0335,Customer 335,48.0,Male,Bengaluru,Karnataka,South,BEA-402,Hair Dryer,Beauty,1799,3.0,0.05,0,UPI,Direct,Cancelled,,,5127.15,2025-06
ORD-00959,2024-04-17,CUS-0256,Customer 256,33.0,Non-binary,Jaipur,Rajasthan,North,GRO-501,Coffee Beans,Grocery,549,1.0,0.05,99,Credit Card,Paid Search,Delivered,3.0,7.0,620.55,2024-04
ORD-00960,2024-10-21,CUS-0204,Customer 204,21.0,Non-binary,Bhubaneswar,Odisha,East,HOM-201,Cotton Bedsheet,Home & Living,1199,4.0,0.0,79,Cash on Delivery,Referral,Delivered,5.0,4.0,4875.0,2024-10
ORD-00961,2024-05-26,CUS-0019,Customer 19,29.0,Non-binary,Hyderabad,Telangana,South,HOM-201,Cotton Bedsheet,Home & Living,1199,4.0,0.1,79,Debit Card,Social Media,Delivered,3.0,7.0,4395.400000000001,2024-05
ORD-00962,2024-02-21,CUS-0208,Customer 208,60.0,Non-binary,Pune,Maharashtra,West,HOM-203,Storage Organizer,Home & Living,699,2.0,0.1,79,Wallet,Direct,Delivered,3.0,2.0,1337.2,2024-02
ORD-00963,2025-12-30,CUS-0178,Customer 178,42.0,Male,Chennai,Tamil Nadu,South,FAS-303,Backpack,Fashion,1499,3.0,0.1,79,Wallet,Social Media,Delivered,3.0,4.0,4126.3,2025-12
ORD-00964,2024-03-14,CUS-0286,Customer 286,56.0,Male,Chennai,Tamil Nadu,South,HOM-202,LED Desk Lamp,Home & Living,999,2.0,0.1,0,Wallet,Social Media,Delivered,5.0,1.0,1798.2,2024-03
ORD-00965,2025-06-04,CUS-0382,Customer 382,37.0,Female,Pune,Maharashtra,West,BEA-402,Hair Dryer,Beauty,1799,3.0,0.15,99,UPI,Referral,Delivered,4.0,6.0,4686.45,2025-06
ORD-00966,2025-04-16,CUS-0006,Customer 6,39.0,Non-binary,Mumbai,Maharashtra,West,BEA-402,Hair Dryer,Beauty,1799,4.0,0.05,49,Credit Card,Email,Delivered,5.0,6.0,6885.2,2025-04
ORD-00967,2025-07-28,CUS-0314,Customer 314,44.0,Male,Hyderabad,Telangana,South,FAS-303,Backpack,Fashion,1499,2.0,0.1,79,Credit Card,Organic Search,Delivered,4.0,1.0,2777.2000000000003,2025-07
ORD-00968,2024-09-01,CUS-0449,Customer 449,54.0,Non-binary,Pune,Maharashtra,West,FAS-302,Running Shoes,Fashion,2599,1.0,0.15,49,UPI,Organic Search,Delivered,3.0,5.0,2258.15,2024-09
ORD-00969,2024-03-01,CUS-0327,Customer 327,28.0,Non-binary,Bhubaneswar,Odisha,East,HOM-202,LED Desk Lamp,Home & Living,999,2.0,0.15,49,Debit Card,Organic Search,Delivered,4.0,2.0,1747.3,2024-03
ORD-00970,2024-01-08,CUS-0370,Customer 370,50.0,Female,Jaipur,Rajasthan,North,GRO-501,Coffee Beans,Grocery,549,1.0,0.0,79,Cash on Delivery,Social Media,Delivered,4.0,8.0,628.0,2024-01
ORD-00971,2025-01-25,CUS-0200,Customer 200,59.0,Non-binary,Pune,Maharashtra,West,FAS-303,Backpack,Fashion,1499,3.0,0.05,0,Cash on Delivery,Organic Search,Delivered,4.0,1.0,4272.15,2025-01
ORD-00972,2025-04-27,CUS-0352,Customer 352,30.0,Male,Bhubaneswar,Odisha,East,BEA-402,Hair Dryer,Beauty,1799,3.0,0.2,0,Wallet,Email,Cancelled,,,4317.6,2025-04
ORD-00973,2024-05-06,CUS-0129,Customer 129,49.0,Male,Pune,Maharashtra,West,GRO-501,Coffee Beans,Grocery,549,3.0,0.1,49,Credit Card,Referral,Delivered,5.0,7.0,1531.3,2024-05
ORD-00974,2024-10-13,CUS-0477,Customer 477,27.0,Female,Bengaluru,Karnataka,South,FAS-301,Casual T-Shirt,Fashion,799,2.0,0.2,49,Credit Card,Email,Returned,,,1327.4,2024-10
ORD-00975,2024-01-13,CUS-0478,Customer 478,38.0,Female,Bengaluru,Karnataka,South,FAS-302,Running Shoes,Fashion,2599,2.0,0.2,49,Credit Card,Referral,Delivered,3.0,1.0,4207.400000000001,2024-01
ORD-00976,2025-03-06,CUS-0023,Customer 23,51.0,Male,Jaipur,Rajasthan,North,HOM-201,Cotton Bedsheet,Home & Living,1199,4.0,0.0,0,Credit Card,Paid Search,Delivered,4.0,7.0,4796.0,2025-03
ORD-00977,2025-12-24,CUS-0222,Customer 222,18.0,Female,Bhubaneswar,Odisha,East,BEA-402,Hair Dryer,Beauty,1799,4.0,0.2,0,Debit Card,Organic Search,Cancelled,,,5756.8,2025-12
ORD-00978,2025-09-07,CUS-0176,Customer 176,43.0,Male,Hyderabad,Telangana,South,FAS-301,Casual T-Shirt,Fashion,799,1.0,0.0,99,Credit Card,Paid Search,Delivered,3.0,7.0,898.0,2025-09
ORD-00979,2025-03-17,CUS-0098,Customer 98,55.0,Male,Kolkata,West Bengal,East,BEA-401,Skin Care Kit,Beauty,1299,4.0,0.1,49,Cash on Delivery,Social Media,Delivered,4.0,5.0,4725.400000000001,2025-03
ORD-00980,2025-03-24,CUS-0226,Customer 226,26.0,Female,Kolkata,West Bengal,East,FAS-303,Backpack,Fashion,1499,1.0,0.15,0,Wallet,Direct,Delivered,4.0,2.0,1274.1499999999999,2025-03
ORD-00981,2024-06-19,CUS-0178,Customer 178,22.0,Female,Jaipur,Rajasthan,North,ELE-102,Bluetooth Speaker,Electronics,1899,3.0,0.05,0,Wallet,Paid Search,Cancelled,,,5412.15,2024-06
ORD-00982,2025-06-30,CUS-0190,Customer 190,62.0,Female,Kolkata,West Bengal,East,ELE-101,Wireless Headphones,Electronics,2499,1.0,0.0,79,UPI,Paid Search,Delivered,3.0,7.0,2578.0,2025-06
ORD-00983,2024-12-11,CUS-0251,Customer 251,41.0,Male,Bhubaneswar,Odisha,East,FAS-302,Running Shoes,Fashion,2599,4.0,0.0,0,Credit Card,Referral,Cancelled,,,10396.0,2024-12
ORD-00984,2024-05-10,CUS-0052,Customer 52,46.0,Non-binary,Pune,Maharashtra,West,ELE-101,Wireless Headphones,Electronics,2499,1.0,0.15,0,Debit Card,Direct,Delivered,5.0,1.0,2124.15,2024-05
ORD-00985,2024-12-05,CUS-0255,Customer 255,42.0,Male,Mumbai,Maharashtra,West,FAS-301,Casual T-Shirt,Fashion,799,1.0,0.1,79,Wallet,Paid Search,Delivered,5.0,8.0,798.1,2024-12
ORD-00986,2024-11-30,CUS-0298,Customer 298,39.0,Male,Bhubaneswar,Odisha,East,HOM-202,LED Desk Lamp,Home & Living,999,3.0,0.1,0,UPI,Social Media,Cancelled,,,2697.3,2024-11
ORD-00987,2025-05-10,CUS-0497,Customer 497,49.0,Male,Delhi,Delhi,North,GRO-501,Coffee Beans,Grocery,549,2.0,0.05,0,UPI,Email,Cancelled,,,1043.1,2025-05
ORD-00988,2025-06-08,CUS-0002,Customer 2,22.0,Non-binary,Bhubaneswar,Odisha,East,FAS-301,Casual T-Shirt,Fashion,799,3.0,0.05,0,UPI,Direct,Delivered,3.0,1.0,2277.15,2025-06
ORD-00989,2025-09-02,CUS-0173,Customer 173,61.0,Non-binary,Chennai,Tamil Nadu,South,BEA-402,Hair Dryer,Beauty,1799,1.0,0.0,49,Cash on Delivery,Paid Search,Delivered,3.0,4.0,1848.0,2025-09
ORD-00990,2024-11-09,CUS-0058,Customer 58,45.0,Non-binary,Delhi,Delhi,North,FAS-303,Backpack,Fashion,1499,3.0,0.15,0,UPI,Referral,Cancelled,,,3822.45,2024-11
ORD-00991,2025-10-23,CUS-0327,Customer 327,46.0,Male,Hyderabad,Telangana,South,HOM-203,Storage Organizer,Home & Living,699,1.0,0.15,0,Debit Card,Referral,Cancelled,,,594.15,2025-10
ORD-00992,2024-11-08,CUS-0100,Customer 100,20.0,Non-binary,Bengaluru,Karnataka,South,HOM-202,LED Desk Lamp,Home & Living,999,3.0,0.0,99,Cash on Delivery,Referral,Delivered,5.0,8.0,3096.0,2024-11
ORD-00993,2025-12-20,CUS-0185,Customer 185,34.0,Female,Bhubaneswar,Odisha,East,ELE-101,Wireless Headphones,Electronics,2499,1.0,0.0,79,Wallet,Email,Delivered,5.0,4.0,2578.0,2025-12
ORD-00994,2025-06-23,CUS-0148,Customer 148,32.0,Male,Pune,Maharashtra,West,HOM-203,Storage Organizer,Home & Living,699,1.0,0.1,49,Cash on Delivery,Email,Delivered,3.0,2.0,678.1,2025-06
ORD-00995,2025-06-13,CUS-0036,Customer 36,49.0,Male,Bhubaneswar,Odisha,East,GRO-501,Coffee Beans,Grocery,549,1.0,0.1,49,Debit Card,Organic Search,Delivered,4.0,6.0,543.1,2025-06
ORD-00996,2024-10-29,CUS-0443,Customer 443,18.0,Female,Pune,Maharashtra,West,GRO-501,Coffee Beans,Grocery,549,3.0,0.1,0,Wallet,Social Media,Cancelled,,,1482.3,2024-10
ORD-00997,2025-10-19,CUS-0407,Customer 407,44.0,Female,Jaipur,Rajasthan,North,FAS-302,Running Shoes,Fashion,2599,2.0,0.0,79,Debit Card,Social Media,Delivered,3.0,5.0,5277.0,2025-10
ORD-00998,2025-11-25,CUS-0210,Customer 210,42.0,Female,Delhi,Delhi,North,BEA-401,Skin Care Kit,Beauty,1299,1.0,0.1,0,UPI,Social Media,Delivered,5.0,8.0,1169.1000000000001,2025-11
ORD-00999,2025-01-20,CUS-0320,Customer 320,28.0,Female,Pune,Maharashtra,West,FAS-302,Running Shoes,Fashion,2599,3.0,0.1,49,Wallet,Organic Search,Delivered,4.0,5.0,7066.3,2025-01
ORD-01000,2024-11-15,CUS-0175,Customer 175,54.0,Male,Hyderabad,Telangana,South,HOM-202,LED Desk Lamp,Home & Living,999,2.0,0.1,0,Wallet,Paid Search,Cancelled,,,1798.2,2024-11
ORD-01001,2025-02-13,CUS-0028,Customer 28,48.0,Female,Mumbai,Maharashtra,West,BEA-401,Skin Care Kit,Beauty,1299,2.0,0.05,79,Wallet,Paid Search,Delivered,4.0,5.0,2547.1,2025-02
ORD-01002,2024-10-08,CUS-0458,Customer 458,42.0,Non-binary,Kolkata,West Bengal,East,HOM-203,Storage Organizer,Home & Living,699,4.0,0.0,0,Debit Card,Organic Search,Cancelled,,,2796.0,2024-10
ORD-01003,2024-01-15,CUS-0380,Customer 380,56.0,Male,Delhi,Delhi,North,FAS-302,Running Shoes,Fashion,2599,4.0,0.05,79,UPI,Social Media,Delivered,4.0,4.0,9955.199999999999,2024-01
ORD-01004,2024-02-18,CUS-0500,Customer 500,49.0,Female,Mumbai,Maharashtra,West,ELE-103,Smart Watch,Electronics,4299,4.0,0.2,79,Credit Card,Paid Search,Delivered,3.0,5.0,13835.800000000001,2024-02
ORD-01005,2024-05-08,CUS-0205,Customer 205,52.0,Female,Bengaluru,Karnataka,South,HOM-201,Cotton Bedsheet,Home & Living,1199,4.0,0.0,99,Wallet,Email,Delivered,5.0,3.0,4895.0,2024-05
ORD-01006,2024-03-26,CUS-0274,Customer 274,38.0,Male,Chennai,Tamil Nadu,South,ELE-102,Bluetooth Speaker,Electronics,1899,4.0,0.15,0,Credit Card,Paid Search,Cancelled,,,6456.599999999999,2024-03
ORD-01007,2024-03-17,CUS-0148,Customer 148,25.0,Female,Kolkata,West Bengal,East,BEA-401,Skin Care Kit,Beauty,1299,2.0,0.0,0,Debit Card,Referral,Cancelled,,,2598.0,2024-03
ORD-01008,2024-03-31,CUS-0009,Customer 9,54.0,Female,Hyderabad,Telangana,South,HOM-203,Storage Organizer,Home & Living,699,4.0,0.15,99,Credit Card,Paid Search,Returned,,,2475.6,2024-03
ORD-01009,2025-05-06,CUS-0067,Customer 67,18.0,Male,Hyderabad,Telangana,South,BEA-401,Skin Care Kit,Beauty,1299,2.0,0.1,0,Wallet,Referral,Delivered,4.0,7.0,2338.2000000000003,2025-05
ORD-01010,2025-10-14,CUS-0462,Customer 462,31.0,Female,Hyderabad,Telangana,South,HOM-201,Cotton Bedsheet,Home & Living,1199,3.0,0.0,99,Cash on Delivery,Paid Search,Delivered,4.0,3.0,3696.0,2025-10
ORD-01011,2025-12-24,CUS-0319,Customer 319,41.0,Male,Mumbai,Maharashtra,West,ELE-101,Wireless Headphones,Electronics,2499,1.0,0.2,99,Credit Card,Social Media,Delivered,3.0,5.0,2098.2,2025-12
ORD-01012,2024-04-02,CUS-0076,Customer 76,18.0,Female,Delhi,Delhi,North,ELE-102,Bluetooth Speaker,Electronics,1899,2.0,0.15,79,UPI,Organic Search,Delivered,5.0,2.0,3307.2999999999997,2024-04
ORD-01013,2024-04-10,CUS-0380,Customer 380,32.0,Male,Chennai,Tamil Nadu,South,HOM-201,Cotton Bedsheet,Home & Living,1199,3.0,0.15,99,UPI,Email,Returned,,,3156.45,2024-04
ORD-01014,2025-12-19,CUS-0125,Customer 125,43.0,Non-binary,Mumbai,Maharashtra,West,BEA-401,Skin Care Kit,Beauty,1299,4.0,0.1,49,Wallet,Social Media,Delivered,4.0,2.0,4725.400000000001,2025-12
ORD-01015,2025-12-08,CUS-0217,Customer 217,61.0,Female,Chennai,Tamil Nadu,South,HOM-201,Cotton Bedsheet,Home & Living,1199,4.0,0.0,0,Wallet,Referral,Cancelled,,,4796.0,2025-12
ORD-01016,2025-08-26,CUS-0219,Customer 219,23.0,Non-binary,Bengaluru,Karnataka,South,FAS-301,Casual T-Shirt,Fashion,799,3.0,0.05,0,Debit Card,Email,Delivered,5.0,5.0,2277.15,2025-08
ORD-01017,2024-07-27,CUS-0196,Customer 196,60.0,Female,Mumbai,Maharashtra,West,FAS-303,Backpack,Fashion,1499,2.0,0.0,0,Cash on Delivery,Referral,Cancelled,,,2998.0,2024-07
ORD-01018,2024-02-07,CUS-0195,Customer 195,23.0,Non-binary,Pune,Maharashtra,West,BEA-402,Hair Dryer,Beauty,1799,4.0,0.05,0,Credit Card,Paid Search,Cancelled,,,6836.2,2024-02
ORD-01019,2025-06-02,CUS-0031,Customer 31,24.0,Male,Pune,Maharashtra,West,ELE-103,Smart Watch,Electronics,4299,4.0,0.0,0,Debit Card,Paid Search,Cancelled,,,17196.0,2025-06
ORD-01020,2025-06-29,CUS-0111,Customer 111,28.0,Non-binary,Kolkata,West Bengal,East,HOM-203,Storage Organizer,Home & Living,699,2.0,0.05,49,Debit Card,Paid Search,Delivered,3.0,1.0,1377.1,2025-06
ORD-01021,2025-06-01,CUS-0422,Customer 422,23.0,Female,Jaipur,Rajasthan,North,FAS-302,Running Shoes,Fashion,2599,1.0,0.0,0,Credit Card,Organic Search,Cancelled,,,2599.0,2025-06
ORD-01022,2024-11-12,CUS-0391,Customer 391,19.0,Female,Bhubaneswar,Odisha,East,ELE-103,Smart Watch,Electronics,4299,1.0,0.05,79,Wallet,Social Media,Delivered,4.0,3.0,4163.049999999999,2024-11
ORD-01023,2025-06-27,CUS-0052,Customer 52,23.0,Non-binary,Jaipur,Rajasthan,North,HOM-203,Storage Organizer,Home & Living,699,2.0,0.15,99,UPI,Referral,Delivered,4.0,3.0,1287.3,2025-06
ORD-01024,2024-11-06,CUS-0423,Customer 423,26.0,Female,Hyderabad,Telangana,South,GRO-501,Coffee Beans,Grocery,549,1.0,0.2,99,UPI,Referral,Returned,,,538.2,2024-11
ORD-01025,2024-01-14,CUS-0269,Customer 269,35.0,Non-binary,Mumbai,Maharashtra,West,HOM-201,Cotton Bedsheet,Home & Living,1199,3.0,0.1,0,Debit Card,Organic Search,Cancelled,,,3237.3,2024-01
ORD-01026,2024-07-09,CUS-0278,Customer 278,26.0,Non-binary,Chennai,Tamil Nadu,South,BEA-401,Skin Care Kit,Beauty,1299,2.0,0.15,99,UPI,Email,Delivered,3.0,6.0,2307.2999999999997,2024-07
ORD-01027,2025-06-10,CUS-0452,Customer 452,33.0,Female,Pune,Maharashtra,West,HOM-203,Storage Organizer,Home & Living,699,1.0,0.0,49,Debit Card,Direct,Delivered,3.0,8.0,748.0,2025-06
ORD-01028,2024-03-05,CUS-0241,Customer 241,65.0,Female,Mumbai,Maharashtra,West,FAS-301,Casual T-Shirt,Fashion,799,4.0,0.2,49,Wallet,Organic Search,Delivered,3.0,4.0,2605.8,2024-03
ORD-01029,2025-03-28,CUS-0443,Customer 443,48.0,Female,Delhi,Delhi,North,FAS-301,Casual T-Shirt,Fashion,799,3.0,0.0,99,Cash on Delivery,Organic Search,Returned,,,2496.0,2025-03
ORD-01030,2024-05-15,CUS-0500,Customer 500,44.0,Female,Jaipur,Rajasthan,North,ELE-101,Wireless Headphones,Electronics,2499,3.0,0.05,49,Cash on Delivery,Social Media,Delivered,4.0,1.0,7171.15,2024-05
ORD-01031,2024-01-06,CUS-0296,Customer 296,36.0,Female,Mumbai,Maharashtra,West,BEA-402,Hair Dryer,Beauty,1799,2.0,0.15,0,UPI,Organic Search,Cancelled,,,3058.2999999999997,2024-01
ORD-01032,2025-01-27,CUS-0084,Customer 84,43.0,Male,Jaipur,Rajasthan,North,BEA-401,Skin Care Kit,Beauty,1299,1.0,0.0,49,Debit Card,Direct,Delivered,5.0,2.0,1348.0,2025-01
ORD-01033,2025-07-11,CUS-0411,Customer 411,60.0,Non-binary,Kolkata,West Bengal,East,ELE-102,Bluetooth Speaker,Electronics,1899,1.0,0.0,0,Wallet,Social Media,Cancelled,,,1899.0,2025-07
ORD-01034,2024-08-25,CUS-0193,Customer 193,41.0,Non-binary,Bengaluru,Karnataka,South,GRO-501,Coffee Beans,Grocery,549,3.0,0.1,0,Cash on Delivery,Paid Search,Cancelled,,,1482.3,2024-08
ORD-01035,2025-07-24,CUS-0484,Customer 484,37.0,Male,Mumbai,Maharashtra,West,GRO-501,Coffee Beans,Grocery,549,4.0,0.05,99,UPI,Email,Delivered,3.0,3.0,2185.2,2025-07
ORD-01036,2024-03-21,CUS-0453,Customer 453,39.0,Male,Bengaluru,Karnataka,South,GRO-501,Coffee Beans,Grocery,549,4.0,0.0,0,Credit Card,Paid Search,Delivered,4.0,7.0,2196.0,2024-03
ORD-01037,2025-06-18,CUS-0352,Customer 352,37.0,Male,Delhi,Delhi,North,ELE-102,Bluetooth Speaker,Electronics,1899,1.0,0.1,79,UPI,Email,Delivered,5.0,5.0,1788.1000000000001,2025-06
ORD-01038,2025-11-17,CUS-0354,Customer 354,49.0,Female,Mumbai,Maharashtra,West,HOM-203,Storage Organizer,Home & Living,699,3.0,0.0,79,Cash on Delivery,Direct,Delivered,4.0,5.0,2176.0,2025-11
ORD-01039,2024-06-28,CUS-0284,Customer 284,19.0,Female,Chennai,Tamil Nadu,South,HOM-201,Cotton Bedsheet,Home & Living,1199,4.0,0.0,79,Wallet,Organic Search,Delivered,3.0,6.0,4875.0,2024-06
ORD-01040,2024-02-26,CUS-0279,Customer 279,60.0,Female,Delhi,Delhi,North,FAS-302,Running Shoes,Fashion,2599,4.0,0.2,0,UPI,Email,Cancelled,,,8316.800000000001,2024-02
ORD-01041,2025-11-16,CUS-0006,Customer 6,32.0,Non-binary,Delhi,Delhi,North,ELE-103,Smart Watch,Electronics,4299,1.0,0.15,49,Cash on Delivery,Paid Search,Delivered,3.0,2.0,3703.15,2025-11
ORD-01042,2024-12-15,CUS-0370,Customer 370,20.0,Male,Chennai,Tamil Nadu,South,BEA-401,Skin Care Kit,Beauty,1299,1.0,0.0,79,Credit Card,Social Media,Delivered,4.0,8.0,1378.0,2024-12
ORD-01043,2024-08-20,CUS-0032,Customer 32,43.0,Female,Kolkata,West Bengal,East,BEA-401,Skin Care Kit,Beauty,1299,1.0,0.1,99,Wallet,Referral,Delivered,4.0,4.0,1268.1000000000001,2024-08
ORD-01044,2024-10-01,CUS-0240,Customer 240,20.0,Non-binary,Delhi,Delhi,North,FAS-301,Casual T-Shirt,Fashion,799,2.0,0.05,99,Credit Card,Referral,Delivered,3.0,8.0,1617.1,2024-10
ORD-01045,2025-12-04,CUS-0485,Customer 485,28.0,Non-binary,Bengaluru,Karnataka,South,FAS-301,Casual T-Shirt,Fashion,799,3.0,0.0,99,Debit Card,Organic Search,Delivered,4.0,6.0,2496.0,2025-12
ORD-01046,2025-01-19,CUS-0038,Customer 38,34.0,Female,Pune,Maharashtra,West,BEA-401,Skin Care Kit,Beauty,1299,4.0,0.2,0,Wallet,Organic Search,Cancelled,,,4156.8,2025-01
ORD-01047,2024-08-22,CUS-0136,Customer 136,52.0,Non-binary,Hyderabad,Telangana,South,FAS-303,Backpack,Fashion,1499,4.0,0.0,79,Wallet,Referral,Delivered,4.0,6.0,6075.0,2024-08
ORD-01048,2024-09-04,CUS-0042,Customer 42,23.0,Non-binary,Jaipur,Rajasthan,North,BEA-401,Skin Care Kit,Beauty,1299,1.0,0.2,0,Debit Card,Social Media,Delivered,3.0,1.0,1039.2,2024-09
ORD-01049,2025-02-02,CUS-0410,Customer 410,55.0,Male,Hyderabad,Telangana,South,BEA-401,Skin Care Kit,Beauty,1299,1.0,0.2,79,UPI,Organic Search,Delivered,5.0,8.0,1118.2,2025-02
ORD-01050,2025-10-30,CUS-0199,Customer 199,62.0,Male,Pune,Maharashtra,West,ELE-103,Smart Watch,Electronics,4299,2.0,0.2,0,Cash on Delivery,Email,Cancelled,,,6878.400000000001,2025-10
ORD-01051,2024-04-26,CUS-0149,Customer 149,58.0,Male,Pune,Maharashtra,West,ELE-103,Smart Watch,Electronics,4299,2.0,0.15,0,Credit Card,Social Media,Cancelled,,,7308.3,2024-04
ORD-01052,2024-06-12,CUS-0264,Customer 264,51.0,Non-binary,Chennai,Tamil Nadu,South,BEA-402,Hair Dryer,Beauty,1799,3.0,0.1,0,Wallet,Email,Cancelled,,,4857.3,2024-06
ORD-01053,2025-01-03,CUS-0471,Customer 471,24.0,Female,Mumbai,Maharashtra,West,ELE-103,Smart Watch,Electronics,4299,4.0,0.1,99,UPI,Direct,Delivered,4.0,3.0,15575.4,2025-01
ORD-01054,2025-02-06,CUS-0488,Customer 488,25.0,Female,Hyderabad,Telangana,South,HOM-202,LED Desk Lamp,Home & Living,999,3.0,0.0,49,Debit Card,Referral,Delivered,5.0,3.0,3046.0,2025-02
ORD-01055,2025-04-12,CUS-0409,Customer 409,49.0,Non-binary,Jaipur,Rajasthan,North,BEA-401,Skin Care Kit,Beauty,1299,2.0,0.0,79,Wallet,Email,Delivered,4.0,4.0,2677.0,2025-04
ORD-01056,2025-08-30,CUS-0318,Customer 318,35.0,Male,Kolkata,West Bengal,East,FAS-301,Casual T-Shirt,Fashion,799,4.0,0.0,49,Wallet,Direct,Delivered,5.0,8.0,3245.0,2025-08
ORD-01057,2025-12-21,CUS-0439,Customer 439,55.0,Non-binary,Hyderabad,Telangana,South,ELE-103,Smart Watch,Electronics,4299,3.0,0.0,99,Credit Card,Email,Returned,,,12996.0,2025-12
ORD-01058,2025-09-15,CUS-0342,Customer 342,58.0,Male,Jaipur,Rajasthan,North,BEA-401,Skin Care Kit,Beauty,1299,1.0,0.0,0,Cash on Delivery,Direct,Cancelled,,,1299.0,2025-09
ORD-01059,2025-06-14,CUS-0322,Customer 322,41.0,Non-binary,Chennai,Tamil Nadu,South,FAS-302,Running Shoes,Fashion,2599,4.0,0.2,79,UPI,Referral,Delivered,3.0,2.0,8395.800000000001,2025-06
ORD-01060,2024-10-28,CUS-0439,Customer 439,18.0,Non-binary,Hyderabad,Telangana,South,GRO-501,Coffee Beans,Grocery,549,3.0,0.2,99,Wallet,Paid Search,Returned,,,1416.6000000000001,2024-10
ORD-01061,2024-08-12,CUS-0494,Customer 494,38.0,Non-binary,Chennai,Tamil Nadu,South,BEA-401,Skin Care Kit,Beauty,1299,1.0,0.0,0,Cash on Delivery,Referral,Cancelled,,,1299.0,2024-08
ORD-01062,2025-10-01,CUS-0345,Customer 345,35.0,Non-binary,Bengaluru,Karnataka,South,ELE-101,Wireless Headphones,Electronics,2499,4.0,0.1,79,UPI,Organic Search,Delivered,4.0,2.0,9075.4,2025-10
ORD-01063,2024-12-06,CUS-0053,Customer 53,60.0,Non-binary,Bengaluru,Karnataka,South,FAS-301,Casual T-Shirt,Fashion,799,2.0,0.0,0,Credit Card,Email,Delivered,5.0,1.0,1598.0,2024-12
ORD-01064,2025-06-05,CUS-0366,Customer 366,57.0,Male,Bengaluru,Karnataka,South,FAS-301,Casual T-Shirt,Fashion,799,2.0,0.0,79,Credit Card,Referral,Delivered,3.0,4.0,1677.0,2025-06
ORD-01065,2025-09-11,CUS-0176,Customer 176,28.0,Non-binary,Mumbai,Maharashtra,West,ELE-102,Bluetooth Speaker,Electronics,1899,2.0,0.2,79,Cash on Delivery,Direct,Returned,,,3117.4,2025-09
ORD-01066,2024-02-29,CUS-0378,Customer 378,47.0,Female,Pune,Maharashtra,West,FAS-302,Running Shoes,Fashion,2599,1.0,0.0,99,Wallet,Paid Search,Delivered,4.0,5.0,2698.0,2024-02
ORD-01067,2025-10-26,CUS-0361,Customer 361,18.0,Female,Mumbai,Maharashtra,West,FAS-303,Backpack,Fashion,1499,1.0,0.2,0,Wallet,Social Media,Delivered,4.0,7.0,1199.2,2025-10
ORD-01068,2025-10-12,CUS-0189,Customer 189,27.0,Non-binary,Pune,Maharashtra,West,HOM-202,LED Desk Lamp,Home & Living,999,2.0,0.0,99,Credit Card,Paid Search,Delivered,5.0,5.0,2097.0,2025-10
ORD-01069,2024-01-10,CUS-0483,Customer 483,44.0,Non-binary,Mumbai,Maharashtra,West,GRO-501,Coffee Beans,Grocery,549,3.0,0.05,99,Debit Card,Referral,Delivered,4.0,5.0,1663.6499999999999,2024-01
ORD-01070,2024-02-03,CUS-0055,Customer 55,44.0,Female,Bengaluru,Karnataka,South,ELE-102,Bluetooth Speaker,Electronics,1899,3.0,0.15,79,Debit Card,Paid Search,Delivered,3.0,2.0,4921.45,2024-02
ORD-01071,2024-06-14,CUS-0397,Customer 397,65.0,Female,Hyderabad,Telangana,South,ELE-102,Bluetooth Speaker,Electronics,1899,2.0,0.1,0,Credit Card,Social Media,Cancelled,,,3418.2000000000003,2024-06
ORD-01072,2025-07-08,CUS-0520,Customer 520,53.0,Non-binary,Hyderabad,Telangana,South,FAS-301,Casual T-Shirt,Fashion,799,1.0,0.05,99,Cash on Delivery,Referral,Delivered,5.0,8.0,858.05,2025-07
ORD-01073,2025-11-19,CUS-0481,Customer 481,61.0,Male,Jaipur,Rajasthan,North,FAS-301,Casual T-Shirt,Fashion,799,2.0,0.15,0,UPI,Organic Search,Returned,,,1358.3,2025-11
ORD-01074,2024-12-12,CUS-0416,Customer 416,18.0,Non-binary,Bhubaneswar,Odisha,East,ELE-101,Wireless Headphones,Electronics,2499,3.0,0.05,0,Credit Card,Paid Search,Cancelled,,,7122.15,2024-12
ORD-01075,2024-04-05,CUS-0428,Customer 428,21.0,Female,Mumbai,Maharashtra,West,FAS-301,Casual T-Shirt,Fashion,799,1.0,0.0,79,Credit Card,Paid Search,Delivered,3.0,2.0,878.0,2024-04
ORD-01076,2024-08-28,CUS-0007,Customer 7,39.0,Male,Mumbai,Maharashtra,West,BEA-402,Hair Dryer,Beauty,1799,2.0,0.2,79,Wallet,Social Media,Delivered,4.0,6.0,2957.4,2024-08
ORD-01077,2025-12-16,CUS-0497,Customer 497,21.0,Female,Hyderabad,Telangana,South,ELE-102,Bluetooth Speaker,Electronics,1899,4.0,0.1,0,UPI,Social Media,Cancelled,,,6836.400000000001,2025-12
ORD-01078,2025-10-10,CUS-0493,Customer 493,34.0,Non-binary,Pune,Maharashtra,West,HOM-202,LED Desk Lamp,Home & Living,999,1.0,0.1,49,Cash on Delivery,Paid Search,Delivered,5.0,1.0,948.1,2025-10
ORD-01079,2025-04-23,CUS-0314,Customer 314,44.0,Male,Pune,Maharashtra,West,FAS-302,Running Shoes,Fashion,2599,4.0,0.1,99,UPI,Paid Search,Delivered,3.0,4.0,9455.4,2025-04
ORD-01080,2024-09-20,CUS-0281,Customer 281,61.0,Non-binary,Hyderabad,Telangana,South,HOM-202,LED Desk Lamp,Home & Living,999,1.0,0.0,99,Cash on Delivery,Referral,Returned,,,1098.0,2024-09
ORD-01081,2024-05-15,CUS-0448,Customer 448,38.0,Non-binary,Mumbai,Maharashtra,West,HOM-203,Storage Organizer,Home & Living,699,2.0,0.0,49,Credit Card,Paid Search,Delivered,3.0,8.0,1447.0,2024-05
ORD-01082,2025-07-06,CUS-0401,Customer 401,35.0,Female,Bengaluru,Karnataka,South,HOM-201,Cotton Bedsheet,Home & Living,1199,2.0,0.1,99,Debit Card,Email,Delivered,4.0,7.0,2257.2000000000003,2025-07
ORD-01083,2025-06-09,CUS-0192,Customer 192,50.0,Non-binary,Jaipur,Rajasthan,North,FAS-301,Casual T-Shirt,Fashion,799,4.0,0.15,99,Credit Card,Social Media,Returned,,,2815.6,2025-06
ORD-01084,2024-08-26,CUS-0417,Customer 417,18.0,Non-binary,Mumbai,Maharashtra,West,ELE-103,Smart Watch,Electronics,4299,2.0,0.2,99,Credit Card,Organic Search,Delivered,4.0,1.0,6977.400000000001,2024-08
ORD-01085,2025-04-05,CUS-0090,Customer 90,21.0,Male,Bengaluru,Karnataka,South,BEA-401,Skin Care Kit,Beauty,1299,3.0,0.15,99,Cash on Delivery,Social Media,Delivered,3.0,8.0,3411.45,2025-04
ORD-01086,2024-03-06,CUS-0245,Customer 245,34.0,Female,Bengaluru,Karnataka,South,ELE-102,Bluetooth Speaker,Electronics,1899,3.0,0.05,49,Credit Card,Paid Search,Returned,,,5461.15,2024-03
ORD-01087,2024-10-17,CUS-0036,Customer 36,23.0,Male,Kolkata,West Bengal,East,FAS-302,Running Shoes,Fashion,2599,3.0,0.0,49,Credit Card,Email,Delivered,5.0,4.0,7846.0,2024-10
ORD-01088,2025-01-17,CUS-0193,Customer 193,32.0,Male,Jaipur,Rajasthan,North,HOM-203,Storage Organizer,Home & Living,699,2.0,0.0,0,Cash on Delivery,Email,Delivered,3.0,8.0,1398.0,2025-01
ORD-01089,2024-08-29,CUS-0481,Customer 481,52.0,Male,Pune,Maharashtra,West,FAS-301,Casual T-Shirt,Fashion,799,3.0,0.1,79,Wallet,Direct,Delivered,5.0,3.0,2236.3,2024-08
ORD-01090,2025-11-19,CUS-0139,Customer 139,36.0,Non-binary,Jaipur,Rajasthan,North,ELE-102,Bluetooth Speaker,Electronics,1899,4.0,0.0,0,Wallet,Direct,Delivered,4.0,7.0,7596.0,2025-11
ORD-01091,2024-02-23,CUS-0237,Customer 237,27.0,Non-binary,Bhubaneswar,Odisha,East,HOM-201,Cotton Bedsheet,Home & Living,1199,4.0,0.0,0,Wallet,Social Media,Cancelled,,,4796.0,2024-02
ORD-01092,2025-04-12,CUS-0220,Customer 220,32.0,Female,Kolkata,West Bengal,East,FAS-301,Casual T-Shirt,Fashion,799,2.0,0.15,99,UPI,Social Media,Delivered,3.0,2.0,1457.3,2025-04
ORD-01093,2024-08-29,CUS-0509,Customer 509,39.0,Male,Bhubaneswar,Odisha,East,HOM-202,LED Desk Lamp,Home & Living,999,2.0,0.0,79,UPI,Paid Search,Delivered,4.0,3.0,2077.0,2024-08
ORD-01094,2024-03-21,CUS-0207,Customer 207,62.0,Female,Bengaluru,Karnataka,South,ELE-102,Bluetooth Speaker,Electronics,1899,1.0,0.1,0,Cash on Delivery,Organic Search,Delivered,5.0,8.0,1709.1000000000001,2024-03
ORD-01095,2025-03-04,CUS-0102,Customer 102,43.0,Male,Bengaluru,Karnataka,South,ELE-101,Wireless Headphones,Electronics,2499,4.0,0.05,0,Credit Card,Organic Search,Cancelled,,,9496.199999999999,2025-03
ORD-01096,2024-10-28,CUS-0181,Customer 181,40.0,Female,Hyderabad,Telangana,South,FAS-303,Backpack,Fashion,1499,1.0,0.15,99,UPI,Referral,Delivered,3.0,7.0,1373.1499999999999,2024-10
ORD-01097,2025-07-05,CUS-0088,Customer 88,34.0,Female,Pune,Maharashtra,West,HOM-201,Cotton Bedsheet,Home & Living,1199,4.0,0.15,99,Debit Card,Paid Search,Delivered,4.0,1.0,4175.6,2025-07
ORD-01098,2025-08-26,CUS-0008,Customer 8,43.0,Non-binary,Bhubaneswar,Odisha,East,FAS-301,Casual T-Shirt,Fashion,799,1.0,0.0,99,Cash on Delivery,Direct,Delivered,5.0,1.0,898.0,2025-08
ORD-01099,2025-04-07,CUS-0318,Customer 318,59.0,Non-binary,Bengaluru,Karnataka,South,FAS-302,Running Shoes,Fashion,2599,3.0,0.0,79,UPI,Direct,Delivered,3.0,6.0,7876.0,2025-04
ORD-01100,2025-11-23,CUS-0106,Customer 106,61.0,Female,Bhubaneswar,Odisha,East,GRO-501,Coffee Beans,Grocery,549,3.0,0.0,99,UPI,Referral,Delivered,4.0,6.0,1746.0,2025-11
ORD-01101,2025-12-13,CUS-0162,Customer 162,38.0,Non-binary,Hyderabad,Telangana,South,ELE-103,Smart Watch,Electronics,4299,2.0,0.15,0,Debit Card,Direct,Delivered,4.0,5.0,7308.3,2025-12
ORD-01102,2024-10-09,CUS-0392,Customer 392,39.0,Female,Bengaluru,Karnataka,South,FAS-303,Backpack,Fashion,1499,4.0,0.2,0,Credit Card,Organic Search,Delivered,4.0,1.0,4796.8,2024-10
ORD-01103,2025-01-17,CUS-0031,Customer 31,27.0,Non-binary,Bengaluru,Karnataka,South,ELE-101,Wireless Headphones,Electronics,2499,3.0,0.0,0,Wallet,Direct,Delivered,3.0,1.0,7497.0,2025-01
ORD-01104,2024-04-27,CUS-0251,Customer 251,22.0,Non-binary,Pune,Maharashtra,West,GRO-501,Coffee Beans,Grocery,549,4.0,0.2,0,Wallet,Email,Returned,,,1756.8000000000002,2024-04
ORD-01105,2025-07-05,CUS-0056,Customer 56,54.0,Female,Bhubaneswar,Odisha,East,HOM-203,Storage Organizer,Home & Living,699,1.0,0.05,49,Cash on Delivery,Social Media,Delivered,5.0,6.0,713.05,2025-07
ORD-01106,2025-06-18,CUS-0489,Customer 489,37.0,Male,Hyderabad,Telangana,South,HOM-202,LED Desk Lamp,Home & Living,999,1.0,0.15,49,Debit Card,Organic Search,Returned,,,898.15,2025-06
ORD-01107,2024-09-04,CUS-0415,Customer 415,48.0,Non-binary,Kolkata,West Bengal,East,BEA-402,Hair Dryer,Beauty,1799,3.0,0.15,99,Wallet,Social Media,Returned,,,4686.45,2024-09
ORD-01108,2024-01-10,CUS-0452,Customer 452,28.0,Non-binary,Delhi,Delhi,North,HOM-202,LED Desk Lamp,Home & Living,999,3.0,0.0,49,Credit Card,Organic Search,Delivered,4.0,1.0,3046.0,2024-01
ORD-01109,2024-06-26,CUS-0024,Customer 24,49.0,Non-binary,Chennai,Tamil Nadu,South,HOM-202,LED Desk Lamp,Home & Living,999,1.0,0.05,0,Debit Card,Social Media,Delivered,4.0,1.0,949.05,2024-06
ORD-01110,2024-01-17,CUS-0436,Customer 436,42.0,Male,Pune,Maharashtra,West,ELE-103,Smart Watch,Electronics,4299,1.0,0.1,99,Wallet,Referral,Delivered,4.0,2.0,3968.1,2024-01
ORD-01111,2025-11-20,CUS-0150,Customer 150,50.0,Non-binary,Chennai,Tamil Nadu,South,BEA-402,Hair Dryer,Beauty,1799,3.0,0.0,0,Cash on Delivery,Social Media,Returned,,,5397.0,2025-11
ORD-01112,2025-01-15,CUS-0034,Customer 34,31.0,Male,Delhi,Delhi,North,BEA-402,Hair Dryer,Beauty,1799,4.0,0.2,79,Wallet,Email,Returned,,,5835.8,2025-01
ORD-01113,2024-12-15,CUS-0179,Customer 179,45.0,Male,Bhubaneswar,Odisha,East,FAS-303,Backpack,Fashion,1499,4.0,0.0,99,Credit Card,Paid Search,Delivered,4.0,1.0,6095.0,2024-12
ORD-01114,2024-11-23,CUS-0514,Customer 514,63.0,Female,Mumbai,Maharashtra,West,FAS-301,Casual T-Shirt,Fashion,799,2.0,0.0,79,Credit Card,Paid Search,Delivered,3.0,4.0,1677.0,2024-11
ORD-01115,2025-08-29,CUS-0113,Customer 113,45.0,Male,Delhi,Delhi,North,HOM-202,LED Desk Lamp,Home & Living,999,3.0,0.05,49,Debit Card,Social Media,Delivered,3.0,7.0,2896.15,2025-08
ORD-01116,2024-02-26,CUS-0241,Customer 241,22.0,Non-binary,Kolkata,West Bengal,East,ELE-103,Smart Watch,Electronics,4299,3.0,0.15,99,Cash on Delivery,Organic Search,Delivered,5.0,7.0,11061.449999999999,2024-02
ORD-01117,2025-04-12,CUS-0109,Customer 109,53.0,Male,Jaipur,Rajasthan,North,BEA-401,Skin Care Kit,Beauty,1299,4.0,0.0,99,Debit Card,Referral,Delivered,4.0,3.0,5295.0,2025-04
ORD-01118,2024-02-01,CUS-0084,Customer 84,18.0,Male,Bengaluru,Karnataka,South,ELE-102,Bluetooth Speaker,Electronics,1899,1.0,0.0,99,Cash on Delivery,Social Media,Delivered,4.0,1.0,1998.0,2024-02
ORD-01119,2025-03-22,CUS-0260,Customer 260,44.0,Male,Bhubaneswar,Odisha,East,FAS-301,Casual T-Shirt,Fashion,799,4.0,0.15,79,UPI,Direct,Delivered,3.0,1.0,2795.6,2025-03
ORD-01120,2024-01-10,CUS-0159,Customer 159,56.0,Female,Hyderabad,Telangana,South,FAS-302,Running Shoes,Fashion,2599,1.0,0.15,79,UPI,Organic Search,Delivered,5.0,3.0,2288.15,2024-01
ORD-01121,2025-09-04,CUS-0447,Customer 447,36.0,Male,Jaipur,Rajasthan,North,HOM-201,Cotton Bedsheet,Home & Living,1199,2.0,0.0,0,UPI,Email,Delivered,5.0,7.0,2398.0,2025-09
ORD-01122,2025-11-29,CUS-0401,Customer 401,53.0,Female,Bengaluru,Karnataka,South,FAS-301,Casual T-Shirt,Fashion,799,3.0,0.05,79,Wallet,Organic Search,Delivered,5.0,5.0,2356.15,2025-11
ORD-01123,2025-09-15,CUS-0015,Customer 15,63.0,Non-binary,Bhubaneswar,Odisha,East,FAS-303,Backpack,Fashion,1499,2.0,0.0,0,UPI,Paid Search,Cancelled,,,2998.0,2025-09
ORD-01124,2025-05-24,CUS-0337,Customer 337,18.0,Non-binary,Hyderabad,Telangana,South,HOM-201,Cotton Bedsheet,Home & Living,1199,1.0,0.0,0,UPI,Referral,Cancelled,,,1199.0,2025-05
ORD-01125,2024-06-10,CUS-0397,Customer 397,20.0,Male,Chennai,Tamil Nadu,South,ELE-102,Bluetooth Speaker,Electronics,1899,4.0,0.2,49,Wallet,Paid Search,Delivered,3.0,6.0,6125.8,2024-06
ORD-01126,2025-09-04,CUS-0252,Customer 252,51.0,Female,Delhi,Delhi,North,ELE-103,Smart Watch,Electronics,4299,1.0,0.0,0,UPI,Referral,Delivered,5.0,5.0,4299.0,2025-09
ORD-01127,2025-02-26,CUS-0422,Customer 422,32.0,Non-binary,Mumbai,Maharashtra,West,BEA-401,Skin Care Kit,Beauty,1299,3.0,0.05,49,UPI,Direct,Returned,,,3751.1499999999996,2025-02
ORD-01128,2025-02-03,CUS-0252,Customer 252,43.0,Non-binary,Bhubaneswar,Odisha,East,ELE-101,Wireless Headphones,Electronics,2499,4.0,0.0,49,Cash on Delivery,Social Media,Delivered,5.0,6.0,10045.0,2025-02
ORD-01129,2025-05-17,CUS-0421,Customer 421,21.0,Non-binary,Hyderabad,Telangana,South,BEA-402,Hair Dryer,Beauty,1799,4.0,0.15,79,Debit Card,Email,Returned,,,6195.599999999999,2025-05
ORD-01130,2024-03-13,CUS-0276,Customer 276,36.0,Non-binary,Delhi,Delhi,North,ELE-103,Smart Watch,Electronics,4299,4.0,0.1,0,Credit Card,Paid Search,Cancelled,,,15476.4,2024-03
ORD-01131,2024-12-12,CUS-0110,Customer 110,24.0,Male,Jaipur,Rajasthan,North,FAS-302,Running Shoes,Fashion,2599,4.0,0.15,0,Debit Card,Referral,Cancelled,,,8836.6,2024-12
ORD-01132,2025-02-12,CUS-0387,Customer 387,58.0,Male,Delhi,Delhi,North,GRO-501,Coffee Beans,Grocery,549,4.0,0.1,79,Credit Card,Referral,Returned,,,2055.4,2025-02
ORD-01133,2025-07-11,CUS-0175,Customer 175,27.0,Female,Bengaluru,Karnataka,South,ELE-101,Wireless Headphones,Electronics,2499,1.0,0.0,79,Wallet,Organic Search,Delivered,3.0,5.0,2578.0,2025-07
ORD-01134,2024-03-18,CUS-0382,Customer 382,27.0,Male,Delhi,Delhi,North,ELE-102,Bluetooth Speaker,Electronics,1899,2.0,0.05,0,Cash on Delivery,Direct,Returned,,,3608.1,2024-03
ORD-01135,2025-12-05,CUS-0119,Customer 119,61.0,Non-binary,Jaipur,Rajasthan,North,FAS-302,Running Shoes,Fashion,2599,4.0,0.2,79,Wallet,Organic Search,Delivered,3.0,6.0,8395.800000000001,2025-12
ORD-01136,2025-05-25,CUS-0309,Customer 309,24.0,Female,Jaipur,Rajasthan,North,BEA-401,Skin Care Kit,Beauty,1299,2.0,0.05,0,Debit Card,Direct,Cancelled,,,2468.1,2025-05
ORD-01137,2025-04-28,CUS-0307,Customer 307,21.0,Male,Jaipur,Rajasthan,North,FAS-302,Running Shoes,Fashion,2599,2.0,0.05,0,UPI,Referral,Cancelled,,,4938.099999999999,2025-04
ORD-01138,2025-07-09,CUS-0072,Customer 72,47.0,Male,Mumbai,Maharashtra,West,ELE-101,Wireless Headphones,Electronics,2499,1.0,0.0,99,Credit Card,Paid Search,Delivered,5.0,6.0,2598.0,2025-07
ORD-01139,2025-02-13,CUS-0298,Customer 298,55.0,Male,Pune,Maharashtra,West,BEA-402,Hair Dryer,Beauty,1799,2.0,0.05,0,Wallet,Organic Search,Cancelled,,,3418.1,2025-02
ORD-01140,2025-02-25,CUS-0065,Customer 65,22.0,Non-binary,Mumbai,Maharashtra,West,GRO-501,Coffee Beans,Grocery,549,3.0,0.0,99,Cash on Delivery,Organic Search,Delivered,5.0,5.0,1746.0,2025-02
ORD-01141,2025-04-07,CUS-0373,Customer 373,54.0,Non-binary,Bhubaneswar,Odisha,East,FAS-301,Casual T-Shirt,Fashion,799,4.0,0.1,0,UPI,Social Media,Cancelled,,,2876.4,2025-04
ORD-01142,2025-05-11,CUS-0324,Customer 324,21.0,Non-binary,Delhi,Delhi,North,FAS-301,Casual T-Shirt,Fashion,799,3.0,0.0,79,Credit Card,Referral,Delivered,4.0,8.0,2476.0,2025-05
ORD-01143,2025-09-05,CUS-0167,Customer 167,61.0,Male,Mumbai,Maharashtra,West,ELE-102,Bluetooth Speaker,Electronics,1899,4.0,0.2,99,Credit Card,Organic Search,Delivered,3.0,7.0,6175.8,2025-09
ORD-01144,2025-03-23,CUS-0313,Customer 313,22.0,Non-binary,Delhi,Delhi,North,HOM-201,Cotton Bedsheet,Home & Living,1199,1.0,0.2,79,Cash on Delivery,Organic Search,Delivered,4.0,1.0,1038.2,2025-03
ORD-01145,2024-12-16,CUS-0151,Customer 151,18.0,Non-binary,Delhi,Delhi,North,HOM-202,LED Desk Lamp,Home & Living,999,3.0,0.05,99,Cash on Delivery,Email,Delivered,4.0,4.0,2946.15,2024-12
ORD-01146,2024-08-24,CUS-0087,Customer 87,54.0,Non-binary,Hyderabad,Telangana,South,HOM-201,Cotton Bedsheet,Home & Living,1199,4.0,0.15,0,Debit Card,Social Media,Cancelled,,,4076.6,2024-08
ORD-01147,2024-12-19,CUS-0473,Customer 473,27.0,Non-binary,Bhubaneswar,Odisha,East,BEA-401,Skin Care Kit,Beauty,1299,1.0,0.1,49,Debit Card,Social Media,Delivered,5.0,1.0,1218.1000000000001,2024-12
ORD-01148,2024-01-20,CUS-0199,Customer 199,45.0,Non-binary,Mumbai,Maharashtra,West,HOM-203,Storage Organizer,Home & Living,699,2.0,0.0,0,Credit Card,Organic Search,Delivered,4.0,7.0,1398.0,2024-01
ORD-01149,2025-12-01,CUS-0396,Customer 396,46.0,Non-binary,Kolkata,West Bengal,East,ELE-103,Smart Watch,Electronics,4299,4.0,0.15,99,UPI,Social Media,Delivered,5.0,1.0,14715.6,2025-12
ORD-01150,2025-08-21,CUS-0292,Customer 292,32.0,Non-binary,Pune,Maharashtra,West,HOM-201,Cotton Bedsheet,Home & Living,1199,2.0,0.0,99,Credit Card,Direct,Delivered,3.0,8.0,2497.0,2025-08
ORD-01151,2024-02-24,CUS-0255,Customer 255,29.0,Female,Bengaluru,Karnataka,South,GRO-501,Coffee Beans,Grocery,549,2.0,0.05,49,Wallet,Direct,Delivered,5.0,3.0,1092.1,2024-02
ORD-01152,2025-08-09,CUS-0054,Customer 54,41.0,Non-binary,Chennai,Tamil Nadu,South,ELE-101,Wireless Headphones,Electronics,2499,1.0,0.1,99,Debit Card,Referral,Delivered,3.0,6.0,2348.1,2025-08
ORD-01153,2025-06-04,CUS-0128,Customer 128,61.0,Male,Bhubaneswar,Odisha,East,ELE-102,Bluetooth Speaker,Electronics,1899,3.0,0.0,79,Credit Card,Social Media,Returned,,,5776.0,2025-06
ORD-01154,2025-11-29,CUS-0073,Customer 73,31.0,Non-binary,Pune,Maharashtra,West,HOM-203,Storage Organizer,Home & Living,699,1.0,0.0,99,Cash on Delivery,Social Media,Delivered,5.0,5.0,798.0,2025-11
ORD-01155,2024-02-26,CUS-0287,Customer 287,27.0,Female,Pune,Maharashtra,West,HOM-203,Storage Organizer,Home & Living,699,2.0,0.1,0,Debit Card,Organic Search,Delivered,3.0,1.0,1258.2,2024-02
ORD-01156,2025-04-19,CUS-0396,Customer 396,54.0,Non-binary,Delhi,Delhi,North,BEA-401,Skin Care Kit,Beauty,1299,1.0,0.0,49,Debit Card,Direct,Delivered,3.0,5.0,1348.0,2025-04
ORD-01157,2024-08-30,CUS-0099,Customer 99,31.0,Non-binary,Kolkata,West Bengal,East,ELE-103,Smart Watch,Electronics,4299,1.0,0.0,49,Wallet,Direct,Delivered,3.0,6.0,4348.0,2024-08
ORD-01158,2024-04-23,CUS-0029,Customer 29,27.0,Non-binary,Mumbai,Maharashtra,West,BEA-402,Hair Dryer,Beauty,1799,1.0,0.2,79,UPI,Organic Search,Delivered,3.0,1.0,1518.2,2024-04
ORD-01159,2025-11-09,CUS-0040,Customer 40,61.0,Male,Chennai,Tamil Nadu,South,FAS-302,Running Shoes,Fashion,2599,2.0,0.15,99,Cash on Delivery,Paid Search,Delivered,4.0,4.0,4517.3,2025-11
ORD-01160,2024-05-16,CUS-0228,Customer 228,41.0,Male,Hyderabad,Telangana,South,BEA-402,Hair Dryer,Beauty,1799,3.0,0.05,0,Credit Card,Direct,Returned,,,5127.15,2024-05
ORD-01161,2025-05-19,CUS-0268,Customer 268,40.0,Non-binary,Bhubaneswar,Odisha,East,FAS-301,Casual T-Shirt,Fashion,799,1.0,0.05,0,Credit Card,Direct,Delivered,4.0,7.0,759.05,2025-05
ORD-01162,2024-07-01,CUS-0029,Customer 29,43.0,Male,Jaipur,Rajasthan,North,BEA-402,Hair Dryer,Beauty,1799,2.0,0.05,99,Debit Card,Paid Search,Delivered,3.0,8.0,3517.1,2024-07
ORD-01163,2024-08-28,CUS-0314,Customer 314,62.0,Non-binary,Jaipur,Rajasthan,North,BEA-402,Hair Dryer,Beauty,1799,3.0,0.1,79,Debit Card,Email,Delivered,4.0,8.0,4936.3,2024-08
ORD-01164,2025-05-08,CUS-0494,Customer 494,20.0,Female,Delhi,Delhi,North,FAS-303,Backpack,Fashion,1499,3.0,0.2,0,Debit Card,Paid Search,Delivered,5.0,5.0,3597.6000000000004,2025-05
ORD-01165,2025-11-23,CUS-0121,Customer 121,34.0,Female,Jaipur,Rajasthan,North,ELE-102,Bluetooth Speaker,Electronics,1899,1.0,0.0,99,Wallet,Organic Search,Delivered,5.0,5.0,1998.0,2025-11
ORD-01166,2025-11-18,CUS-0022,Customer 22,20.0,Male,Jaipur,Rajasthan,North,BEA-401,Skin Care Kit,Beauty,1299,2.0,0.05,79,Wallet,Email,Delivered,3.0,2.0,2547.1,2025-11
ORD-01167,2025-08-11,CUS-0244,Customer 244,19.0,Male,Pune,Maharashtra,West,BEA-401,Skin Care Kit,Beauty,1299,4.0,0.1,0,Wallet,Referral,Delivered,3.0,3.0,4676.400000000001,2025-08
ORD-01168,2025-10-24,CUS-0455,Customer 455,46.0,Female,Hyderabad,Telangana,South,FAS-302,Running Shoes,Fashion,2599,2.0,0.2,79,UPI,Direct,Delivered,5.0,8.0,4237.400000000001,2025-10
ORD-01169,2025-04-14,CUS-0192,Customer 192,33.0,Female,Bhubaneswar,Odisha,East,ELE-101,Wireless Headphones,Electronics,2499,4.0,0.0,0,UPI,Email,Cancelled,,,9996.0,2025-04
ORD-01170,2025-06-24,CUS-0063,Customer 63,47.0,Female,Bhubaneswar,Odisha,East,FAS-301,Casual T-Shirt,Fashion,799,3.0,0.05,99,Credit Card,Referral,Delivered,3.0,3.0,2376.15,2025-06
ORD-01171,2024-01-14,CUS-0418,Customer 418,39.0,Non-binary,Hyderabad,Telangana,South,ELE-101,Wireless Headphones,Electronics,2499,4.0,0.05,99,Debit Card,Referral,Returned,,,9595.199999999999,2024-01
ORD-01172,2024-10-04,CUS-0461,Customer 461,28.0,Non-binary,Jaipur,Rajasthan,North,ELE-101,Wireless Headphones,Electronics,2499,3.0,0.15,49,Wallet,Email,Delivered,3.0,5.0,6421.45,2024-10
ORD-01173,2025-10-05,CUS-0057,Customer 57,24.0,Non-binary,Chennai,Tamil Nadu,South,HOM-201,Cotton Bedsheet,Home & Living,1199,4.0,0.15,0,Debit Card,Email,Delivered,5.0,1.0,4076.6,2025-10
ORD-01174,2024-07-05,CUS-0146,Customer 146,35.0,Female,Chennai,Tamil Nadu,South,ELE-102,Bluetooth Speaker,Electronics,1899,1.0,0.1,0,Credit Card,Social Media,Delivered,4.0,2.0,1709.1000000000001,2024-07
ORD-01175,2025-07-11,CUS-0388,Customer 388,64.0,Non-binary,Hyderabad,Telangana,South,FAS-302,Running Shoes,Fashion,2599,3.0,0.2,0,Wallet,Paid Search,Delivered,4.0,4.0,6237.6,2025-07
ORD-01176,2024-07-24,CUS-0244,Customer 244,60.0,Male,Bengaluru,Karnataka,South,GRO-501,Coffee Beans,Grocery,549,1.0,0.0,0,Credit Card,Email,Delivered,3.0,3.0,549.0,2024-07
ORD-01177,2024-03-31,CUS-0123,Customer 123,22.0,Female,Chennai,Tamil Nadu,South,ELE-102,Bluetooth Speaker,Electronics,1899,4.0,0.2,79,Credit Card,Direct,Returned,,,6155.8,2024-03
ORD-01178,2024-04-05,CUS-0063,Customer 63,29.0,Female,Delhi,Delhi,North,GRO-501,Coffee Beans,Grocery,549,4.0,0.1,49,UPI,Organic Search,Delivered,4.0,8.0,2025.4,2024-04
ORD-01179,2025-04-11,CUS-0395,Customer 395,34.0,Female,Pune,Maharashtra,West,FAS-301,Casual T-Shirt,Fashion,799,4.0,0.2,49,Wallet,Social Media,Delivered,3.0,2.0,2605.8,2025-04
ORD-01180,2025-10-26,CUS-0245,Customer 245,65.0,Female,Mumbai,Maharashtra,West,BEA-401,Skin Care Kit,Beauty,1299,3.0,0.1,99,Wallet,Organic Search,Delivered,5.0,6.0,3606.3,2025-10
ORD-01181,2025-11-25,CUS-0134,Customer 134,20.0,Female,Hyderabad,Telangana,South,ELE-103,Smart Watch,Electronics,4299,4.0,0.2,49,Credit Card,Paid Search,Delivered,3.0,6.0,13805.800000000001,2025-11
ORD-01182,2024-10-09,CUS-0111,Customer 111,50.0,Female,Chennai,Tamil Nadu,South,HOM-201,Cotton Bedsheet,Home & Living,1199,3.0,0.0,49,Debit Card,Paid Search,Delivered,4.0,8.0,3646.0,2024-10
ORD-01183,2024-10-12,CUS-0498,Customer 498,62.0,Non-binary,Kolkata,West Bengal,East,FAS-303,Backpack,Fashion,1499,4.0,0.0,0,Credit Card,Direct,Delivered,4.0,8.0,5996.0,2024-10
ORD-01184,2024-07-09,CUS-0293,Customer 293,38.0,Male,Jaipur,Rajasthan,North,ELE-102,Bluetooth Speaker,Electronics,1899,3.0,0.15,49,Wallet,Direct,Delivered,3.0,1.0,4891.45,2024-07
ORD-01185,2024-02-22,CUS-0143,Customer 143,48.0,Non-binary,Hyderabad,Telangana,South,FAS-301,Casual T-Shirt,Fashion,799,2.0,0.2,0,Debit Card,Paid Search,Delivered,4.0,1.0,1278.4,2024-02
ORD-01186,2025-10-17,CUS-0423,Customer 423,21.0,Male,Bengaluru,Karnataka,South,ELE-102,Bluetooth Speaker,Electronics,1899,1.0,0.0,0,Debit Card,Organic Search,Cancelled,,,1899.0,2025-10
ORD-01187,2025-08-02,CUS-0403,Customer 403,25.0,Non-binary,Chennai,Tamil Nadu,South,BEA-401,Skin Care Kit,Beauty,1299,2.0,0.05,0,Cash on Delivery,Paid Search,Cancelled,,,2468.1,2025-08
ORD-01188,2025-08-01,CUS-0376,Customer 376,36.0,Non-binary,Chennai,Tamil Nadu,South,BEA-402,Hair Dryer,Beauty,1799,1.0,0.1,0,Cash on Delivery,Social Media,Cancelled,,,1619.1000000000001,2025-08
ORD-01189,2025-01-31,CUS-0071,Customer 71,31.0,Male,Kolkata,West Bengal,East,FAS-303,Backpack,Fashion,1499,3.0,0.0,79,Wallet,Organic Search,Delivered,5.0,1.0,4576.0,2025-01
ORD-01190,2024-10-29,CUS-0176,Customer 176,21.0,Male,Kolkata,West Bengal,East,HOM-203,Storage Organizer,Home & Living,699,1.0,0.0,0,Cash on Delivery,Organic Search,Delivered,3.0,2.0,699.0,2024-10
ORD-01191,2024-11-09,CUS-0208,Customer 208,55.0,Female,Pune,Maharashtra,West,GRO-501,Coffee Beans,Grocery,549,2.0,0.15,0,Cash on Delivery,Paid Search,Delivered,5.0,3.0,933.3,2024-11
ORD-01192,2024-03-31,CUS-0164,Customer 164,59.0,Male,Mumbai,Maharashtra,West,ELE-101,Wireless Headphones,Electronics,2499,1.0,0.0,49,Credit Card,Referral,Delivered,5.0,2.0,2548.0,2024-03
ORD-01193,2024-10-29,CUS-0109,Customer 109,54.0,Male,Kolkata,West Bengal,East,GRO-501,Coffee Beans,Grocery,549,1.0,0.1,99,Debit Card,Organic Search,Delivered,3.0,1.0,593.1,2024-10
ORD-01194,2025-10-03,CUS-0516,Customer 516,21.0,Male,Chennai,Tamil Nadu,South,GRO-501,Coffee Beans,Grocery,549,3.0,0.05,49,Cash on Delivery,Paid Search,Delivered,4.0,3.0,1613.6499999999999,2025-10
ORD-01195,2024-12-01,CUS-0295,Customer 295,21.0,Non-binary,Bhubaneswar,Odisha,East,GRO-501,Coffee Beans,Grocery,549,1.0,0.05,99,Credit Card,Direct,Delivered,5.0,7.0,620.55,2024-12
ORD-01196,2024-09-28,CUS-0347,Customer 347,42.0,Female,Pune,Maharashtra,West,HOM-201,Cotton Bedsheet,Home & Living,1199,2.0,0.1,0,Debit Card,Social Media,Cancelled,,,2158.2000000000003,2024-09
ORD-01197,2025-12-23,CUS-0495,Customer 495,35.0,Female,Bengaluru,Karnataka,South,ELE-103,Smart Watch,Electronics,4299,1.0,0.0,79,UPI,Organic Search,Returned,,,4378.0,2025-12
ORD-01198,2024-06-09,CUS-0093,Customer 93,45.0,Female,Pune,Maharashtra,West,BEA-401,Skin Care Kit,Beauty,1299,3.0,0.2,99,Wallet,Referral,Delivered,3.0,5.0,3216.6000000000004,2024-06
ORD-01199,2025-10-21,CUS-0070,Customer 70,31.0,Male,Mumbai,Maharashtra,West,BEA-401,Skin Care Kit,Beauty,1299,2.0,0.1,79,Credit Card,Referral,Delivered,5.0,7.0,2417.2000000000003,2025-10
ORD-01200,2025-11-26,CUS-0140,Customer 140,35.0,Male,Bhubaneswar,Odisha,East,BEA-402,Hair Dryer,Beauty,1799,2.0,0.15,49,UPI,Direct,Delivered,3.0,6.0,3107.2999999999997,2025-11
ORD-01201,2024-01-09,CUS-0054,Customer 54,41.0,Female,Chennai,Tamil Nadu,South,ELE-101,Wireless Headphones,Electronics,2499,4.0,0.15,0,Debit Card,Organic Search,Delivered,3.0,8.0,8496.6,2024-01
ORD-01202,2024-01-17,CUS-0170,Customer 170,65.0,Non-binary,Pune,Maharashtra,West,HOM-202,LED Desk Lamp,Home & Living,999,2.0,0.1,79,UPI,Direct,Delivered,3.0,2.0,1877.2,2024-01
ORD-01203,2024-10-11,CUS-0207,Customer 207,53.0,Non-binary,Delhi,Delhi,North,HOM-203,Storage Organizer,Home & Living,699,1.0,0.1,99,UPI,Referral,Delivered,4.0,6.0,728.1,2024-10
ORD-01204,2025-09-15,CUS-0215,Customer 215,65.0,Non-binary,Delhi,Delhi,North,BEA-401,Skin Care Kit,Beauty,1299,1.0,0.0,0,Cash on Delivery,Social Media,Delivered,3.0,8.0,1299.0,2025-09
ORD-01205,2024-01-31,CUS-0144,Customer 144,63.0,Male,Delhi,Delhi,North,BEA-401,Skin Care Kit,Beauty,1299,3.0,0.0,79,Debit Card,Social Media,Delivered,5.0,8.0,3976.0,2024-01
ORD-01206,2025-10-17,CUS-0244,Customer 244,49.0,Non-binary,Kolkata,West Bengal,East,ELE-102,Bluetooth Speaker,Electronics,1899,4.0,0.0,49,Debit Card,Referral,Returned,,,7645.0,2025-10
ORD-01207,2025-08-19,CUS-0302,Customer 302,43.0,Non-binary,Pune,Maharashtra,West,HOM-202,LED Desk Lamp,Home & Living,999,2.0,0.2,0,Cash on Delivery,Referral,Delivered,5.0,5.0,1598.4,2025-08
ORD-01208,2025-09-20,CUS-0265,Customer 265,58.0,Female,Chennai,Tamil Nadu,South,BEA-402,Hair Dryer,Beauty,1799,1.0,0.05,0,Credit Card,Organic Search,Delivered,3.0,3.0,1709.05,2025-09
ORD-01209,2025-02-22,CUS-0332,Customer 332,37.0,Female,Hyderabad,Telangana,South,ELE-102,Bluetooth Speaker,Electronics,1899,4.0,0.15,49,Debit Card,Paid Search,Delivered,3.0,1.0,6505.599999999999,2025-02
ORD-01210,2025-01-28,CUS-0470,Customer 470,59.0,Female,Bengaluru,Karnataka,South,HOM-202,LED Desk Lamp,Home & Living,999,4.0,0.0,49,Wallet,Referral,Returned,,,4045.0,2025-01
ORD-01211,2025-01-30,CUS-0207,Customer 207,32.0,Female,Bhubaneswar,Odisha,East,ELE-101,Wireless Headphones,Electronics,2499,2.0,0.2,79,Debit Card,Referral,Delivered,4.0,2.0,4077.4,2025-01
ORD-01212,2025-09-07,CUS-0206,Customer 206,45.0,Female,Bhubaneswar,Odisha,East,FAS-301,Casual T-Shirt,Fashion,799,2.0,0.0,79,UPI,Social Media,Delivered,3.0,7.0,1677.0,2025-09
ORD-01213,2025-01-25,CUS-0100,Customer 100,62.0,Male,Hyderabad,Telangana,South,GRO-501,Coffee Beans,Grocery,549,3.0,0.1,0,Debit Card,Paid Search,Delivered,3.0,5.0,1482.3,2025-01
ORD-01214,2024-06-24,CUS-0354,Customer 354,65.0,Male,Hyderabad,Telangana,South,ELE-103,Smart Watch,Electronics,4299,4.0,0.05,0,Wallet,Paid Search,Cancelled,,,16336.199999999999,2024-06
ORD-01215,2025-02-09,CUS-0347,Customer 347,52.0,Non-binary,Bhubaneswar,Odisha,East,ELE-101,Wireless Headphones,Electronics,2499,1.0,0.05,49,Credit Card,Organic Search,Delivered,3.0,5.0,2423.0499999999997,2025-02
ORD-01216,2025-08-19,CUS-0332,Customer 332,18.0,Female,Delhi,Delhi,North,FAS-302,Running Shoes,Fashion,2599,4.0,0.2,79,UPI,Referral,Delivered,4.0,3.0,8395.800000000001,2025-08
ORD-01217,2024-12-19,CUS-0005,Customer 5,50.0,Non-binary,Mumbai,Maharashtra,West,GRO-501,Coffee Beans,Grocery,549,3.0,0.15,99,Cash on Delivery,Social Media,Returned,,,1498.95,2024-12
ORD-01218,2024-10-31,CUS-0073,Customer 73,24.0,Female,Mumbai,Maharashtra,West,GRO-501,Coffee Beans,Grocery,549,4.0,0.2,0,UPI,Paid Search,Delivered,5.0,8.0,1756.8000000000002,2024-10
ORD-01219,2024-07-10,CUS-0364,Customer 364,24.0,Non-binary,Delhi,Delhi,North,ELE-101,Wireless Headphones,Electronics,2499,1.0,0.1,0,Wallet,Paid Search,Cancelled,,,2249.1,2024-07
ORD-01220,2024-11-29,CUS-0405,Customer 405,44.0,Male,Hyderabad,Telangana,South,HOM-201,Cotton Bedsheet,Home & Living,1199,1.0,0.0,0,Cash on Delivery,Email,Cancelled,,,1199.0,2024-11
ORD-01221,2025-01-15,CUS-0231,Customer 231,45.0,Non-binary,Hyderabad,Telangana,South,GRO-501,Coffee Beans,Grocery,549,2.0,0.1,99,UPI,Paid Search,Returned,,,1087.2,2025-01
ORD-01222,2024-07-05,CUS-0275,Customer 275,56.0,Male,Hyderabad,Telangana,South,HOM-203,Storage Organizer,Home & Living,699,3.0,0.15,79,Credit Card,Email,Delivered,3.0,4.0,1861.45,2024-07
ORD-01223,2025-05-21,CUS-0333,Customer 333,53.0,Female,Delhi,Delhi,North,ELE-103,Smart Watch,Electronics,4299,4.0,0.05,0,Credit Card,Referral,Cancelled,,,16336.199999999999,2025-05
ORD-01224,2025-05-22,CUS-0199,Customer 199,45.0,Non-binary,Bhubaneswar,Odisha,East,FAS-302,Running Shoes,Fashion,2599,3.0,0.15,79,Credit Card,Direct,Delivered,4.0,6.0,6706.45,2025-05
ORD-01225,2025-06-12,CUS-0137,Customer 137,47.0,Female,Chennai,Tamil Nadu,South,FAS-303,Backpack,Fashion,1499,3.0,0.0,0,Wallet,Email,Delivered,3.0,5.0,4497.0,2025-06
ORD-01226,2025-07-14,CUS-0457,Customer 457,52.0,Female,Bhubaneswar,Odisha,East,BEA-402,Hair Dryer,Beauty,1799,2.0,0.15,79,Credit Card,Direct,Delivered,5.0,6.0,3137.2999999999997,2025-07
ORD-01227,2025-10-10,CUS-0357,Customer 357,41.0,Non-binary,Jaipur,Rajasthan,North,HOM-203,Storage Organizer,Home & Living,699,1.0,0.05,79,Wallet,Email,Delivered,3.0,3.0,743.05,2025-10
ORD-01228,2024-09-17,CUS-0484,Customer 484,25.0,Female,Kolkata,West Bengal,East,GRO-501,Coffee Beans,Grocery,549,3.0,0.1,79,Credit Card,Referral,Delivered,4.0,3.0,1561.3,2024-09
ORD-01229,2025-08-29,CUS-0427,Customer 427,48.0,Female,Kolkata,West Bengal,East,BEA-401,Skin Care Kit,Beauty,1299,3.0,0.1,79,UPI,Email,Delivered,5.0,7.0,3586.3,2025-08
ORD-01230,2024-06-19,CUS-0336,Customer 336,52.0,Male,Mumbai,Maharashtra,West,GRO-501,Coffee Beans,Grocery,549,4.0,0.0,49,Wallet,Paid Search,Delivered,3.0,1.0,2245.0,2024-06
ORD-01231,2025-11-19,CUS-0340,Customer 340,37.0,Male,Pune,Maharashtra,West,GRO-501,Coffee Beans,Grocery,549,4.0,0.1,0,UPI,Referral,Cancelled,,,1976.4,2025-11
ORD-01232,2024-05-06,CUS-0410,Customer 410,44.0,Female,Delhi,Delhi,North,HOM-201,Cotton Bedsheet,Home & Living,1199,4.0,0.1,79,Wallet,Paid Search,Delivered,3.0,2.0,4395.400000000001,2024-05
ORD-01233,2025-07-26,CUS-0102,Customer 102,48.0,Male,Mumbai,Maharashtra,West,HOM-203,Storage Organizer,Home & Living,699,1.0,0.15,99,Credit Card,Email,Delivered,3.0,4.0,693.15,2025-07
ORD-01234,2025-09-09,CUS-0325,Customer 325,48.0,Female,Jaipur,Rajasthan,North,FAS-302,Running Shoes,Fashion,2599,3.0,0.0,49,Wallet,Email,Delivered,5.0,4.0,7846.0,2025-09
ORD-01235,2025-05-26,CUS-0238,Customer 238,47.0,Male,Mumbai,Maharashtra,West,GRO-501,Coffee Beans,Grocery,549,4.0,0.1,0,Debit Card,Direct,Delivered,3.0,4.0,1976.4,2025-05
ORD-01236,2025-02-13,CUS-0389,Customer 389,46.0,Female,Kolkata,West Bengal,East,BEA-402,Hair Dryer,Beauty,1799,3.0,0.1,0,Wallet,Email,Returned,,,4857.3,2025-02
ORD-01237,2024-05-27,CUS-0147,Customer 147,31.0,Male,Bengaluru,Karnataka,South,ELE-103,Smart Watch,Electronics,4299,3.0,0.1,49,Cash on Delivery,Direct,Delivered,4.0,3.0,11656.300000000001,2024-05
ORD-01238,2024-04-27,CUS-0114,Customer 114,36.0,Male,Pune,Maharashtra,West,ELE-102,Bluetooth Speaker,Electronics,1899,4.0,0.1,0,Wallet,Social Media,Delivered,5.0,6.0,6836.400000000001,2024-04
ORD-01239,2024-03-16,CUS-0094,Customer 94,40.0,Female,Delhi,Delhi,North,HOM-202,LED Desk Lamp,Home & Living,999,3.0,0.1,0,Cash on Delivery,Email,Delivered,4.0,7.0,2697.3,2024-03
ORD-01240,2025-12-07,CUS-0053,Customer 53,23.0,Female,Bhubaneswar,Odisha,East,HOM-201,Cotton Bedsheet,Home & Living,1199,4.0,0.2,49,Cash on Delivery,Social Media,Delivered,4.0,3.0,3885.8,2025-12
ORD-01241,2024-09-01,CUS-0222,Customer 222,43.0,Male,Pune,Maharashtra,West,ELE-102,Bluetooth Speaker,Electronics,1899,3.0,0.1,0,Debit Card,Email,Delivered,3.0,2.0,5127.3,2024-09
ORD-01242,2024-02-03,CUS-0090,Customer 90,30.0,Male,Hyderabad,Telangana,South,BEA-401,Skin Care Kit,Beauty,1299,4.0,0.15,0,Debit Card,Direct,Delivered,5.0,2.0,4416.599999999999,2024-02
ORD-01243,2025-12-01,CUS-0210,Customer 210,42.0,Female,Jaipur,Rajasthan,North,HOM-201,Cotton Bedsheet,Home & Living,1199,4.0,0.0,0,Cash on Delivery,Referral,Cancelled,,,4796.0,2025-12
ORD-01244,2024-12-12,CUS-0434,Customer 434,56.0,Female,Delhi,Delhi,North,HOM-201,Cotton Bedsheet,Home & Living,1199,2.0,0.0,99,Credit Card,Social Media,Delivered,3.0,3.0,2497.0,2024-12
ORD-01245,2024-06-02,CUS-0193,Customer 193,53.0,Male,Delhi,Delhi,North,FAS-302,Running Shoes,Fashion,2599,4.0,0.2,0,Cash on Delivery,Social Media,Delivered,4.0,3.0,8316.800000000001,2024-06
ORD-01246,2024-07-20,CUS-0099,Customer 99,21.0,Male,Bhubaneswar,Odisha,East,HOM-203,Storage Organizer,Home & Living,699,3.0,0.0,49,UPI,Email,Returned,,,2146.0,2024-07
ORD-01247,2024-04-03,CUS-0037,Customer 37,24.0,Female,Pune,Maharashtra,West,ELE-102,Bluetooth Speaker,Electronics,1899,3.0,0.05,0,Cash on Delivery,Referral,Delivered,3.0,2.0,5412.15,2024-04
ORD-01248,2024-03-24,CUS-0509,Customer 509,40.0,Female,Kolkata,West Bengal,East,BEA-402,Hair Dryer,Beauty,1799,3.0,0.2,0,UPI,Paid Search,Cancelled,,,4317.6,2024-03
ORD-01249,2025-10-05,CUS-0288,Customer 288,62.0,Male,Delhi,Delhi,North,FAS-302,Running Shoes,Fashion,2599,2.0,0.05,0,UPI,Direct,Cancelled,,,4938.099999999999,2025-10
ORD-01250,2025-11-21,CUS-0080,Customer 80,61.0,Female,Hyderabad,Telangana,South,ELE-102,Bluetooth Speaker,Electronics,1899,3.0,0.05,0,Debit Card,Email,Delivered,4.0,1.0,5412.15,2025-11
ORD-01251,2024-10-08,CUS-0515,Customer 515,35.0,Non-binary,Pune,Maharashtra,West,HOM-201,Cotton Bedsheet,Home & Living,1199,4.0,0.1,99,UPI,Direct,Returned,,,4415.400000000001,2024-10
ORD-01252,2024-05-07,CUS-0360,Customer 360,20.0,Male,Hyderabad,Telangana,South,FAS-301,Casual T-Shirt,Fashion,799,1.0,0.15,49,Credit Card,Direct,Returned,,,728.15,2024-05
ORD-01253,2024-10-27,CUS-0230,Customer 230,27.0,Non-binary,Pune,Maharashtra,West,ELE-101,Wireless Headphones,Electronics,2499,3.0,0.15,0,Cash on Delivery,Paid Search,Returned,,,6372.45,2024-10
ORD-01254,2024-07-11,CUS-0498,Customer 498,61.0,Male,Kolkata,West Bengal,East,ELE-103,Smart Watch,Electronics,4299,4.0,0.05,79,Wallet,Organic Search,Delivered,3.0,2.0,16415.199999999997,2024-07
ORD-01255,2025-07-03,CUS-0353,Customer 353,18.0,Female,Jaipur,Rajasthan,North,FAS-301,Casual T-Shirt,Fashion,799,2.0,0.0,49,Credit Card,Email,Delivered,3.0,7.0,1647.0,2025-07
ORD-01256,2025-07-22,CUS-0436,Customer 436,40.0,Female,Mumbai,Maharashtra,West,HOM-201,Cotton Bedsheet,Home & Living,1199,2.0,0.1,0,Credit Card,Social Media,Delivered,5.0,7.0,2158.2000000000003,2025-07
ORD-01257,2024-04-10,CUS-0245,Customer 245,23.0,Male,Jaipur,Rajasthan,North,BEA-401,Skin Care Kit,Beauty,1299,3.0,0.1,99,Debit Card,Referral,Delivered,4.0,6.0,3606.3,2024-04
ORD-01258,2024-01-29,CUS-0383,Customer 383,50.0,Male,Jaipur,Rajasthan,North,ELE-103,Smart Watch,Electronics,4299,3.0,0.0,99,Wallet,Direct,Returned,,,12996.0,2024-01
ORD-01259,2024-02-05,CUS-0167,Customer 167,45.0,Male,Delhi,Delhi,North,FAS-301,Casual T-Shirt,Fashion,799,2.0,0.2,49,Cash on Delivery,Organic Search,Delivered,4.0,7.0,1327.4,2024-02
ORD-01260,2025-07-18,CUS-0400,Customer 400,40.0,Non-binary,Bhubaneswar,Odisha,East,BEA-401,Skin Care Kit,Beauty,1299,1.0,0.1,0,Wallet,Referral,Cancelled,,,1169.1000000000001,2025-07
ORD-01261,2024-09-13,CUS-0094,Customer 94,59.0,Male,Kolkata,West Bengal,East,BEA-402,Hair Dryer,Beauty,1799,2.0,0.1,0,Wallet,Direct,Delivered,5.0,1.0,3238.2000000000003,2024-09
ORD-01262,2024-09-07,CUS-0319,Customer 319,31.0,Female,Mumbai,Maharashtra,West,ELE-101,Wireless Headphones,Electronics,2499,4.0,0.0,79,Cash on Delivery,Email,Delivered,5.0,6.0,10075.0,2024-09
ORD-01263,2025-10-14,CUS-0034,Customer 34,38.0,Female,Hyderabad,Telangana,South,ELE-103,Smart Watch,Electronics,4299,4.0,0.0,49,Credit Card,Direct,Delivered,3.0,8.0,17245.0,2025-10
ORD-01264,2024-02-21,CUS-0494,Customer 494,39.0,Non-binary,Hyderabad,Telangana,South,HOM-203,Storage Organizer,Home & Living,699,2.0,0.15,99,Debit Card,Email,Delivered,5.0,2.0,1287.3,2024-02
ORD-01265,2025-01-21,CUS-0369,Customer 369,39.0,Male,Delhi,Delhi,North,FAS-303,Backpack,Fashion,1499,2.0,0.1,99,Cash on Delivery,Referral,Delivered,3.0,6.0,2797.2000000000003,2025-01
ORD-01266,2025-01-24,CUS-0268,Customer 268,30.0,Male,Delhi,Delhi,North,HOM-203,Storage Organizer,Home & Living,699,4.0,0.0,0,Wallet,Social Media,Returned,,,2796.0,2025-01
ORD-01267,2025-07-12,CUS-0081,Customer 81,21.0,Female,Jaipur,Rajasthan,North,ELE-103,Smart Watch,Electronics,4299,3.0,0.2,0,Debit Card,Organic Search,Delivered,5.0,5.0,10317.6,2025-07
ORD-01268,2024-07-08,CUS-0256,Customer 256,55.0,Non-binary,Bhubaneswar,Odisha,East,HOM-202,LED Desk Lamp,Home & Living,999,1.0,0.15,79,Wallet,Referral,Delivered,4.0,7.0,928.15,2024-07
ORD-01269,2025-04-24,CUS-0354,Customer 354,52.0,Male,Delhi,Delhi,North,HOM-201,Cotton Bedsheet,Home & Living,1199,3.0,0.1,49,UPI,Referral,Returned,,,3286.3,2025-04
ORD-01270,2025-01-21,CUS-0454,Customer 454,26.0,Non-binary,Hyderabad,Telangana,South,BEA-401,Skin Care Kit,Beauty,1299,2.0,0.15,0,Debit Card,Organic Search,Delivered,3.0,8.0,2208.2999999999997,2025-01
ORD-01271,2025-08-14,CUS-0222,Customer 222,29.0,Female,Bhubaneswar,Odisha,East,FAS-301,Casual T-Shirt,Fashion,799,1.0,0.2,0,Wallet,Paid Search,Cancelled,,,639.2,2025-08
ORD-01272,2024-07-16,CUS-0334,Customer 334,42.0,Male,Kolkata,West Bengal,East,BEA-401,Skin Care Kit,Beauty,1299,1.0,0.0,49,Credit Card,Organic Search,Returned,,,1348.0,2024-07
ORD-01273,2025-10-24,CUS-0366,Customer 366,31.0,Male,Chennai,Tamil Nadu,South,FAS-302,Running Shoes,Fashion,2599,4.0,0.0,49,Debit Card,Referral,Delivered,5.0,7.0,10445.0,2025-10
ORD-01274,2025-09-27,CUS-0137,Customer 137,59.0,Non-binary,Jaipur,Rajasthan,North,ELE-102,Bluetooth Speaker,Electronics,1899,1.0,0.1,49,Wallet,Organic Search,Delivered,5.0,2.0,1758.1000000000001,2025-09
ORD-01275,2025-03-15,CUS-0497,Customer 497,26.0,Male,Jaipur,Rajasthan,North,FAS-303,Backpack,Fashion,1499,1.0,0.1,49,Wallet,Paid Search,Delivered,3.0,2.0,1398.1000000000001,2025-03
ORD-01276,2024-05-15,CUS-0341,Customer 341,45.0,Non-binary,Mumbai,Maharashtra,West,BEA-402,Hair Dryer,Beauty,1799,1.0,0.2,0,Credit Card,Paid Search,Delivered,4.0,7.0,1439.2,2024-05
ORD-01277,2025-09-03,CUS-0413,Customer 413,62.0,Male,Hyderabad,Telangana,South,HOM-202,LED Desk Lamp,Home & Living,999,3.0,0.0,99,Cash on Delivery,Direct,Delivered,5.0,8.0,3096.0,2025-09
ORD-01278,2024-11-29,CUS-0183,Customer 183,40.0,Non-binary,Kolkata,West Bengal,East,BEA-401,Skin Care Kit,Beauty,1299,1.0,0.0,49,Debit Card,Email,Delivered,4.0,7.0,1348.0,2024-11
ORD-01279,2024-10-15,CUS-0488,Customer 488,59.0,Female,Delhi,Delhi,North,HOM-201,Cotton Bedsheet,Home & Living,1199,2.0,0.1,79,UPI,Direct,Delivered,4.0,1.0,2237.2000000000003,2024-10
ORD-01280,2024-03-28,CUS-0165,Customer 165,65.0,Non-binary,Pune,Maharashtra,West,HOM-202,LED Desk Lamp,Home & Living,999,2.0,0.2,99,Credit Card,Email,Delivered,3.0,4.0,1697.4,2024-03
ORD-01281,2025-11-17,CUS-0167,Customer 167,20.0,Non-binary,Kolkata,West Bengal,East,BEA-402,Hair Dryer,Beauty,1799,2.0,0.0,49,UPI,Organic Search,Returned,,,3647.0,2025-11
ORD-01282,2025-12-21,CUS-0209,Customer 209,22.0,Male,Delhi,Delhi,North,ELE-103,Smart Watch,Electronics,4299,2.0,0.2,79,Credit Card,Social Media,Delivered,3.0,1.0,6957.400000000001,2025-12
ORD-01283,2024-03-28,CUS-0317,Customer 317,62.0,Non-binary,Kolkata,West Bengal,East,HOM-202,LED Desk Lamp,Home & Living,999,3.0,0.15,99,UPI,Email,Delivered,4.0,4.0,2646.45,2024-03
ORD-01284,2024-07-15,CUS-0039,Customer 39,55.0,Non-binary,Kolkata,West Bengal,East,FAS-302,Running Shoes,Fashion,2599,1.0,0.0,0,Wallet,Referral,Delivered,3.0,7.0,2599.0,2024-07
ORD-01285,2025-02-25,CUS-0128,Customer 128,24.0,Male,Hyderabad,Telangana,South,HOM-201,Cotton Bedsheet,Home & Living,1199,1.0,0.0,79,Wallet,Direct,Delivered,3.0,4.0,1278.0,2025-02
ORD-01286,2025-09-06,CUS-0350,Customer 350,21.0,Male,Mumbai,Maharashtra,West,HOM-203,Storage Organizer,Home & Living,699,4.0,0.05,0,Wallet,Direct,Delivered,3.0,8.0,2656.2,2025-09
ORD-01287,2025-12-02,CUS-0329,Customer 329,18.0,Female,Chennai,Tamil Nadu,South,GRO-501,Coffee Beans,Grocery,549,2.0,0.05,79,Debit Card,Referral,Delivered,5.0,4.0,1122.1,2025-12
ORD-01288,2024-06-05,CUS-0149,Customer 149,58.0,Male,Delhi,Delhi,North,BEA-402,Hair Dryer,Beauty,1799,4.0,0.0,0,Credit Card,Referral,Cancelled,,,7196.0,2024-06
ORD-01289,2025-08-21,CUS-0306,Customer 306,29.0,Male,Chennai,Tamil Nadu,South,BEA-401,Skin Care Kit,Beauty,1299,1.0,0.0,99,UPI,Organic Search,Delivered,3.0,7.0,1398.0,2025-08
ORD-01290,2025-10-25,CUS-0413,Customer 413,53.0,Non-binary,Jaipur,Rajasthan,North,ELE-101,Wireless Headphones,Electronics,2499,4.0,0.0,99,Cash on Delivery,Direct,Returned,,,10095.0,2025-10
ORD-01291,2025-03-12,CUS-0233,Customer 233,62.0,Non-binary,Kolkata,West Bengal,East,HOM-202,LED Desk Lamp,Home & Living,999,2.0,0.0,0,Cash on Delivery,Direct,Cancelled,,,1998.0,2025-03
ORD-01292,2024-06-22,CUS-0332,Customer 332,18.0,Non-binary,Kolkata,West Bengal,East,BEA-401,Skin Care Kit,Beauty,1299,3.0,0.0,99,Debit Card,Organic Search,Delivered,4.0,6.0,3996.0,2024-06
ORD-01293,2025-07-24,CUS-0189,Customer 189,28.0,Male,Kolkata,West Bengal,East,ELE-102,Bluetooth Speaker,Electronics,1899,3.0,0.2,49,UPI,Paid Search,Delivered,3.0,2.0,4606.6,2025-07
ORD-01294,2025-03-26,CUS-0447,Customer 447,56.0,Male,Hyderabad,Telangana,South,FAS-301,Casual T-Shirt,Fashion,799,4.0,0.0,99,Credit Card,Social Media,Delivered,4.0,7.0,3295.0,2025-03
ORD-01295,2025-08-09,CUS-0160,Customer 160,54.0,Non-binary,Jaipur,Rajasthan,North,ELE-103,Smart Watch,Electronics,4299,4.0,0.1,99,Debit Card,Referral,Delivered,5.0,6.0,15575.4,2025-08
ORD-01296,2024-02-16,CUS-0261,Customer 261,33.0,Female,Bengaluru,Karnataka,South,FAS-303,Backpack,Fashion,1499,4.0,0.15,49,UPI,Paid Search,Delivered,4.0,6.0,5145.599999999999,2024-02
ORD-01297,2025-08-16,CUS-0078,Customer 78,26.0,Male,Bengaluru,Karnataka,South,FAS-301,Casual T-Shirt,Fashion,799,2.0,0.1,99,UPI,Organic Search,Returned,,,1537.2,2025-08
ORD-01298,2025-09-12,CUS-0211,Customer 211,28.0,Female,Kolkata,West Bengal,East,ELE-103,Smart Watch,Electronics,4299,4.0,0.15,79,Cash on Delivery,Direct,Returned,,,14695.6,2025-09
ORD-01299,2024-02-25,CUS-0190,Customer 190,41.0,Non-binary,Jaipur,Rajasthan,North,GRO-501,Coffee Beans,Grocery,549,2.0,0.2,0,Credit Card,Social Media,Returned,,,878.4000000000001,2024-02
ORD-01300,2024-06-19,CUS-0082,Customer 82,31.0,Female,Chennai,Tamil Nadu,South,HOM-201,Cotton Bedsheet,Home & Living,1199,2.0,0.2,0,Debit Card,Direct,Delivered,4.0,2.0,1918.4,2024-06
ORD-01301,2024-03-26,CUS-0472,Customer 472,26.0,Female,Bhubaneswar,Odisha,East,HOM-202,LED Desk Lamp,Home & Living,999,3.0,0.0,49,Cash on Delivery,Referral,Delivered,4.0,3.0,3046.0,2024-03
ORD-01302,2024-07-30,CUS-0368,Customer 368,18.0,Male,Pune,Maharashtra,West,HOM-203,Storage Organizer,Home & Living,699,3.0,0.2,99,Debit Card,Direct,Delivered,3.0,8.0,1776.6000000000001,2024-07
ORD-01303,2025-08-02,CUS-0272,Customer 272,24.0,Male,Pune,Maharashtra,West,HOM-202,LED Desk Lamp,Home & Living,999,3.0,0.1,99,Debit Card,Social Media,Delivered,4.0,8.0,2796.3,2025-08
ORD-01304,2024-12-28,CUS-0347,Customer 347,41.0,Non-binary,Chennai,Tamil Nadu,South,HOM-203,Storage Organizer,Home & Living,699,3.0,0.0,49,Credit Card,Email,Delivered,5.0,6.0,2146.0,2024-12
ORD-01305,2024-07-16,CUS-0255,Customer 255,53.0,Female,Hyderabad,Telangana,South,ELE-103,Smart Watch,Electronics,4299,4.0,0.1,49,Wallet,Paid Search,Delivered,5.0,8.0,15525.4,2024-07
ORD-01306,2024-06-15,CUS-0022,Customer 22,38.0,Female,Mumbai,Maharashtra,West,GRO-501,Coffee Beans,Grocery,549,4.0,0.05,99,Cash on Delivery,Paid Search,Delivered,5.0,5.0,2185.2,2024-06
ORD-01307,2024-08-31,CUS-0399,Customer 399,50.0,Female,Bhubaneswar,Odisha,East,FAS-302,Running Shoes,Fashion,2599,2.0,0.2,99,Cash on Delivery,Organic Search,Delivered,4.0,3.0,4257.400000000001,2024-08
ORD-01308,2024-06-10,CUS-0156,Customer 156,52.0,Female,Jaipur,Rajasthan,North,HOM-203,Storage Organizer,Home & Living,699,3.0,0.2,49,Debit Card,Social Media,Delivered,4.0,1.0,1726.6000000000001,2024-06
ORD-01309,2024-08-23,CUS-0079,Customer 79,31.0,Female,Delhi,Delhi,North,BEA-401,Skin Care Kit,Beauty,1299,1.0,0.1,0,UPI,Social Media,Delivered,4.0,4.0,1169.1000000000001,2024-08
ORD-01310,2025-12-11,CUS-0146,Customer 146,32.0,Male,Chennai,Tamil Nadu,South,GRO-501,Coffee Beans,Grocery,549,2.0,0.1,0,Wallet,Social Media,Delivered,3.0,8.0,988.2,2025-12
ORD-01311,2025-04-22,CUS-0242,Customer 242,57.0,Non-binary,Chennai,Tamil Nadu,South,FAS-302,Running Shoes,Fashion,2599,1.0,0.2,49,Wallet,Paid Search,Delivered,3.0,7.0,2128.2000000000003,2025-04
ORD-01312,2024-08-14,CUS-0064,Customer 64,64.0,Non-binary,Hyderabad,Telangana,South,ELE-101,Wireless Headphones,Electronics,2499,1.0,0.0,0,Credit Card,Direct,Delivered,5.0,3.0,2499.0,2024-08
ORD-01313,2025-04-24,CUS-0347,Customer 347,35.0,Male,Jaipur,Rajasthan,North,FAS-302,Running Shoes,Fashion,2599,3.0,0.0,49,Credit Card,Organic Search,Delivered,4.0,1.0,7846.0,2025-04
ORD-01314,2025-05-30,CUS-0428,Customer 428,29.0,Male,Mumbai,Maharashtra,West,BEA-402,Hair Dryer,Beauty,1799,4.0,0.0,79,Wallet,Social Media,Delivered,4.0,6.0,7275.0,2025-05
ORD-01315,2024-09-25,CUS-0351,Customer 351,49.0,Male,Jaipur,Rajasthan,North,ELE-103,Smart Watch,Electronics,4299,4.0,0.0,79,Debit Card,Social Media,Delivered,3.0,3.0,17275.0,2024-09
ORD-01316,2024-03-24,CUS-0201,Customer 201,34.0,Male,Chennai,Tamil Nadu,South,FAS-302,Running Shoes,Fashion,2599,4.0,0.0,99,UPI,Email,Delivered,4.0,5.0,10495.0,2024-03
ORD-01317,2024-06-17,CUS-0499,Customer 499,32.0,Female,Hyderabad,Telangana,South,ELE-102,Bluetooth Speaker,Electronics,1899,1.0,0.0,0,Cash on Delivery,Paid Search,Delivered,3.0,5.0,1899.0,2024-06
ORD-01318,2024-10-02,CUS-0390,Customer 390,44.0,Non-binary,Delhi,Delhi,North,FAS-302,Running Shoes,Fashion,2599,2.0,0.2,0,UPI,Direct,Delivered,5.0,3.0,4158.400000000001,2024-10
ORD-01319,2025-09-18,CUS-0097,Customer 97,27.0,Female,Jaipur,Rajasthan,North,BEA-402,Hair Dryer,Beauty,1799,2.0,0.1,0,Credit Card,Organic Search,Returned,,,3238.2000000000003,2025-09
ORD-01320,2025-09-16,CUS-0216,Customer 216,32.0,Male,Pune,Maharashtra,West,ELE-102,Bluetooth Speaker,Electronics,1899,1.0,0.0,79,Wallet,Referral,Returned,,,1978.0,2025-09
ORD-01321,2024-04-09,CUS-0149,Customer 149,57.0,Male,Mumbai,Maharashtra,West,HOM-202,LED Desk Lamp,Home & Living,999,2.0,0.2,49,Cash on Delivery,Organic Search,Delivered,5.0,1.0,1647.4,2024-04
ORD-01322,2025-12-18,CUS-0230,Customer 230,32.0,Male,Kolkata,West Bengal,East,BEA-402,Hair Dryer,Beauty,1799,3.0,0.15,49,Wallet,Organic Search,Returned,,,4636.45,2025-12
ORD-01323,2024-07-05,CUS-0033,Customer 33,59.0,Female,Bhubaneswar,Odisha,East,GRO-501,Coffee Beans,Grocery,549,1.0,0.2,0,Debit Card,Social Media,Returned,,,439.20000000000005,2024-07
ORD-01324,2024-02-29,CUS-0202,Customer 202,35.0,Female,Mumbai,Maharashtra,West,ELE-102,Bluetooth Speaker,Electronics,1899,4.0,0.05,0,Debit Card,Social Media,Cancelled,,,7216.2,2024-02
ORD-01325,2024-09-17,CUS-0093,Customer 93,65.0,Non-binary,Pune,Maharashtra,West,HOM-203,Storage Organizer,Home & Living,699,1.0,0.2,0,Debit Card,Social Media,Cancelled,,,559.2,2024-09
ORD-01326,2024-10-26,CUS-0182,Customer 182,27.0,Female,Hyderabad,Telangana,South,HOM-203,Storage Organizer,Home & Living,699,3.0,0.2,0,Debit Card,Paid Search,Cancelled,,,1677.6000000000001,2024-10
ORD-01327,2025-11-26,CUS-0113,Customer 113,35.0,Non-binary,Chennai,Tamil Nadu,South,BEA-402,Hair Dryer,Beauty,1799,3.0,0.05,49,Cash on Delivery,Paid Search,Delivered,4.0,7.0,5176.15,2025-11
ORD-01328,2024-05-15,CUS-0484,Customer 484,60.0,Male,Hyderabad,Telangana,South,GRO-501,Coffee Beans,Grocery,549,3.0,0.1,49,Credit Card,Paid Search,Returned,,,1531.3,2024-05
ORD-01329,2025-08-13,CUS-0041,Customer 41,35.0,Male,Bengaluru,Karnataka,South,ELE-102,Bluetooth Speaker,Electronics,1899,1.0,0.05,0,Debit Card,Email,Cancelled,,,1804.05,2025-08
ORD-01330,2024-11-14,CUS-0151,Customer 151,57.0,Male,Bengaluru,Karnataka,South,BEA-402,Hair Dryer,Beauty,1799,1.0,0.1,49,Wallet,Social Media,Delivered,5.0,7.0,1668.1000000000001,2024-11
ORD-01331,2024-03-05,CUS-0166,Customer 166,47.0,Male,Pune,Maharashtra,West,ELE-103,Smart Watch,Electronics,4299,3.0,0.05,99,Cash on Delivery,Organic Search,Delivered,4.0,2.0,12351.15,2024-03
ORD-01332,2025-01-27,CUS-0069,Customer 69,46.0,Non-binary,Jaipur,Rajasthan,North,ELE-103,Smart Watch,Electronics,4299,2.0,0.1,79,Cash on Delivery,Organic Search,Delivered,3.0,2.0,7817.2,2025-01
ORD-01333,2024-03-07,CUS-0085,Customer 85,47.0,Female,Jaipur,Rajasthan,North,HOM-203,Storage Organizer,Home & Living,699,2.0,0.05,49,Cash on Delivery,Organic Search,Delivered,3.0,7.0,1377.1,2024-03
ORD-01334,2025-04-13,CUS-0052,Customer 52,43.0,Female,Hyderabad,Telangana,South,ELE-101,Wireless Headphones,Electronics,2499,1.0,0.1,0,Debit Card,Paid Search,Cancelled,,,2249.1,2025-04
ORD-01335,2024-03-22,CUS-0234,Customer 234,59.0,Male,Hyderabad,Telangana,South,GRO-501,Coffee Beans,Grocery,549,2.0,0.0,0,Wallet,Social Media,Delivered,5.0,6.0,1098.0,2024-03
ORD-01336,2025-09-09,CUS-0286,Customer 286,51.0,Non-binary,Chennai,Tamil Nadu,South,ELE-101,Wireless Headphones,Electronics,2499,3.0,0.15,79,Wallet,Paid Search,Delivered,4.0,4.0,6451.45,2025-09
ORD-01337,2024-08-09,CUS-0289,Customer 289,59.0,Female,Pune,Maharashtra,West,FAS-303,Backpack,Fashion,1499,1.0,0.05,79,Debit Card,Social Media,Delivered,5.0,1.0,1503.05,2024-08
ORD-01338,2025-10-23,CUS-0403,Customer 403,38.0,Male,Kolkata,West Bengal,East,HOM-201,Cotton Bedsheet,Home & Living,1199,1.0,0.2,99,UPI,Direct,Delivered,4.0,4.0,1058.2,2025-10
ORD-01339,2024-05-28,CUS-0023,Customer 23,37.0,Female,Chennai,Tamil Nadu,South,HOM-203,Storage Organizer,Home & Living,699,3.0,0.05,79,UPI,Referral,Delivered,4.0,8.0,2071.1499999999996,2024-05
ORD-01340,2025-08-21,CUS-0287,Customer 287,30.0,Female,Delhi,Delhi,North,FAS-301,Casual T-Shirt,Fashion,799,2.0,0.2,0,UPI,Referral,Delivered,5.0,1.0,1278.4,2025-08
ORD-01341,2024-11-27,CUS-0058,Customer 58,36.0,Female,Kolkata,West Bengal,East,HOM-202,LED Desk Lamp,Home & Living,999,2.0,0.2,49,Wallet,Referral,Delivered,5.0,5.0,1647.4,2024-11
ORD-01342,2025-03-06,CUS-0161,Customer 161,45.0,Male,Bengaluru,Karnataka,South,HOM-203,Storage Organizer,Home & Living,699,2.0,0.0,0,Debit Card,Social Media,Delivered,3.0,7.0,1398.0,2025-03
ORD-01343,2024-12-11,CUS-0249,Customer 249,41.0,Female,Chennai,Tamil Nadu,South,BEA-402,Hair Dryer,Beauty,1799,3.0,0.15,49,UPI,Referral,Returned,,,4636.45,2024-12
ORD-01344,2024-11-13,CUS-0060,Customer 60,63.0,Male,Bhubaneswar,Odisha,East,ELE-101,Wireless Headphones,Electronics,2499,4.0,0.0,49,Credit Card,Referral,Delivered,3.0,8.0,10045.0,2024-11
ORD-01345,2025-04-14,CUS-0463,Customer 463,62.0,Female,Bhubaneswar,Odisha,East,HOM-202,LED Desk Lamp,Home & Living,999,3.0,0.05,79,UPI,Direct,Delivered,3.0,5.0,2926.15,2025-04
ORD-01346,2024-09-01,CUS-0205,Customer 205,57.0,Female,Chennai,Tamil Nadu,South,HOM-203,Storage Organizer,Home & Living,699,1.0,0.15,79,Cash on Delivery,Social Media,Delivered,5.0,5.0,673.15,2024-09
ORD-01347,2024-08-25,CUS-0221,Customer 221,43.0,Female,Jaipur,Rajasthan,North,HOM-201,Cotton Bedsheet,Home & Living,1199,2.0,0.0,0,Debit Card,Paid Search,Cancelled,,,2398.0,2024-08
ORD-01348,2024-09-15,CUS-0045,Customer 45,60.0,Female,Delhi,Delhi,North,HOM-203,Storage Organizer,Home & Living,699,4.0,0.0,49,Cash on Delivery,Referral,Delivered,3.0,2.0,2845.0,2024-09
ORD-01349,2024-06-05,CUS-0221,Customer 221,28.0,Non-binary,Jaipur,Rajasthan,North,FAS-303,Backpack,Fashion,1499,3.0,0.15,99,Debit Card,Referral,Returned,,,3921.45,2024-06
ORD-01350,2024-05-30,CUS-0055,Customer 55,27.0,Male,Delhi,Delhi,North,BEA-402,Hair Dryer,Beauty,1799,1.0,0.2,79,UPI,Paid Search,Delivered,5.0,4.0,1518.2,2024-05
ORD-01351,2024-09-10,CUS-0325,Customer 325,48.0,Non-binary,Kolkata,West Bengal,East,ELE-101,Wireless Headphones,Electronics,2499,3.0,0.2,99,UPI,Organic Search,Delivered,3.0,4.0,6096.6,2024-09
ORD-01352,2024-06-26,CUS-0327,Customer 327,35.0,Female,Mumbai,Maharashtra,West,FAS-302,Running Shoes,Fashion,2599,2.0,0.05,49,Debit Card,Direct,Delivered,5.0,6.0,4987.099999999999,2024-06
ORD-01353,2024-12-20,CUS-0493,Customer 493,53.0,Female,Hyderabad,Telangana,South,ELE-103,Smart Watch,Electronics,4299,2.0,0.0,79,Debit Card,Social Media,Delivered,4.0,6.0,8677.0,2024-12
ORD-01354,2024-12-02,CUS-0117,Customer 117,37.0,Non-binary,Pune,Maharashtra,West,HOM-201,Cotton Bedsheet,Home & Living,1199,4.0,0.15,0,UPI,Referral,Delivered,3.0,3.0,4076.6,2024-12
ORD-01355,2024-09-01,CUS-0243,Customer 243,29.0,Male,Pune,Maharashtra,West,HOM-202,LED Desk Lamp,Home & Living,999,4.0,0.0,0,Debit Card,Paid Search,Cancelled,,,3996.0,2024-09
ORD-01356,2024-02-17,CUS-0241,Customer 241,23.0,Male,Bengaluru,Karnataka,South,HOM-202,LED Desk Lamp,Home & Living,999,3.0,0.2,49,Wallet,Referral,Returned,,,2446.6,2024-02
ORD-01357,2025-11-26,CUS-0236,Customer 236,63.0,Female,Bhubaneswar,Odisha,East,HOM-203,Storage Organizer,Home & Living,699,3.0,0.0,49,Wallet,Organic Search,Delivered,5.0,2.0,2146.0,2025-11
ORD-01358,2025-02-19,CUS-0054,Customer 54,31.0,Female,Chennai,Tamil Nadu,South,BEA-402,Hair Dryer,Beauty,1799,2.0,0.2,0,Wallet,Social Media,Delivered,3.0,8.0,2878.4,2025-02
ORD-01359,2024-11-03,CUS-0003,Customer 3,29.0,Female,Chennai,Tamil Nadu,South,HOM-202,LED Desk Lamp,Home & Living,999,4.0,0.1,0,Wallet,Social Media,Delivered,5.0,8.0,3596.4,2024-11
ORD-01360,2025-12-18,CUS-0429,Customer 429,29.0,Male,Bengaluru,Karnataka,South,ELE-102,Bluetooth Speaker,Electronics,1899,4.0,0.0,0,Cash on Delivery,Referral,Cancelled,,,7596.0,2025-12
ORD-01361,2024-05-01,CUS-0110,Customer 110,31.0,Female,Pune,Maharashtra,West,HOM-203,Storage Organizer,Home & Living,699,1.0,0.2,49,Credit Card,Social Media,Delivered,5.0,5.0,608.2,2024-05
ORD-01362,2024-01-24,CUS-0207,Customer 207,53.0,Male,Bhubaneswar,Odisha,East,HOM-202,LED Desk Lamp,Home & Living,999,4.0,0.05,0,Cash on Delivery,Direct,Delivered,4.0,4.0,3796.2,2024-01
ORD-01363,2024-11-07,CUS-0499,Customer 499,54.0,Female,Delhi,Delhi,North,FAS-301,Casual T-Shirt,Fashion,799,4.0,0.05,0,Cash on Delivery,Paid Search,Cancelled,,,3036.2,2024-11
ORD-01364,2024-09-24,CUS-0054,Customer 54,49.0,Male,Jaipur,Rajasthan,North,ELE-103,Smart Watch,Electronics,4299,4.0,0.15,79,Debit Card,Social Media,Delivered,3.0,5.0,14695.6,2024-09
ORD-01365,2025-07-08,CUS-0465,Customer 465,46.0,Male,Chennai,Tamil Nadu,South,HOM-201,Cotton Bedsheet,Home & Living,1199,1.0,0.15,0,Credit Card,Email,Cancelled,,,1019.15,2025-07
ORD-01366,2024-08-31,CUS-0274,Customer 274,23.0,Non-binary,Bhubaneswar,Odisha,East,ELE-102,Bluetooth Speaker,Electronics,1899,1.0,0.15,49,UPI,Referral,Delivered,4.0,8.0,1663.1499999999999,2024-08
ORD-01367,2025-03-25,CUS-0004,Customer 4,36.0,Non-binary,Jaipur,Rajasthan,North,GRO-501,Coffee Beans,Grocery,549,4.0,0.15,79,Debit Card,Paid Search,Returned,,,1945.6,2025-03
ORD-01368,2025-02-16,CUS-0515,Customer 515,55.0,Non-binary,Bengaluru,Karnataka,South,HOM-203,Storage Organizer,Home & Living,699,1.0,0.1,0,UPI,Referral,Delivered,3.0,6.0,629.1,2025-02
ORD-01369,2024-04-16,CUS-0081,Customer 81,28.0,Non-binary,Bhubaneswar,Odisha,East,FAS-301,Casual T-Shirt,Fashion,799,2.0,0.1,49,UPI,Direct,Returned,,,1487.2,2024-04
ORD-01370,2025-05-23,CUS-0020,Customer 20,40.0,Male,Hyderabad,Telangana,South,ELE-103,Smart Watch,Electronics,4299,1.0,0.0,79,Credit Card,Email,Delivered,4.0,6.0,4378.0,2025-05
ORD-01371,2024-01-07,CUS-0070,Customer 70,28.0,Non-binary,Pune,Maharashtra,West,HOM-201,Cotton Bedsheet,Home & Living,1199,1.0,0.0,79,UPI,Social Media,Returned,,,1278.0,2024-01
ORD-01372,2025-04-26,CUS-0201,Customer 201,31.0,Non-binary,Jaipur,Rajasthan,North,HOM-201,Cotton Bedsheet,Home & Living,1199,2.0,0.0,0,Wallet,Social Media,Delivered,5.0,1.0,2398.0,2025-04
ORD-01373,2024-06-30,CUS-0332,Customer 332,32.0,Male,Mumbai,Maharashtra,West,ELE-102,Bluetooth Speaker,Electronics,1899,2.0,0.15,79,Cash on Delivery,Referral,Returned,,,3307.2999999999997,2024-06
ORD-01374,2025-12-28,CUS-0504,Customer 504,29.0,Female,Kolkata,West Bengal,East,HOM-201,Cotton Bedsheet,Home & Living,1199,4.0,0.0,79,Credit Card,Referral,Delivered,5.0,4.0,4875.0,2025-12
ORD-01375,2025-02-28,CUS-0322,Customer 322,64.0,Non-binary,Hyderabad,Telangana,South,BEA-401,Skin Care Kit,Beauty,1299,1.0,0.15,0,UPI,Paid Search,Delivered,5.0,5.0,1104.1499999999999,2025-02
ORD-01376,2025-08-10,CUS-0321,Customer 321,43.0,Female,Hyderabad,Telangana,South,BEA-402,Hair Dryer,Beauty,1799,3.0,0.05,99,Cash on Delivery,Referral,Delivered,3.0,4.0,5226.15,2025-08
ORD-01377,2024-05-16,CUS-0395,Customer 395,50.0,Non-binary,Chennai,Tamil Nadu,South,HOM-201,Cotton Bedsheet,Home & Living,1199,4.0,0.2,0,Debit Card,Organic Search,Cancelled,,,3836.8,2024-05
ORD-01378,2025-02-28,CUS-0371,Customer 371,21.0,Male,Delhi,Delhi,North,ELE-101,Wireless Headphones,Electronics,2499,3.0,0.2,79,Debit Card,Paid Search,Returned,,,6076.6,2025-02
ORD-01379,2024-03-06,CUS-0124,Customer 124,25.0,Non-binary,Bengaluru,Karnataka,South,HOM-202,LED Desk Lamp,Home & Living,999,3.0,0.0,99,Credit Card,Paid Search,Delivered,4.0,1.0,3096.0,2024-03
ORD-01380,2024-11-09,CUS-0259,Customer 259,49.0,Male,Jaipur,Rajasthan,North,HOM-203,Storage Organizer,Home & Living,699,1.0,0.1,0,Credit Card,Direct,Returned,,,629.1,2024-11
ORD-01381,2025-09-11,CUS-0048,Customer 48,22.0,Non-binary,Bengaluru,Karnataka,South,GRO-501,Coffee Beans,Grocery,549,2.0,0.1,49,Credit Card,Email,Returned,,,1037.2,2025-09
ORD-01382,2024-07-06,CUS-0286,Customer 286,44.0,Non-binary,Bhubaneswar,Odisha,East,ELE-102,Bluetooth Speaker,Electronics,1899,3.0,0.1,49,Wallet,Paid Search,Delivered,4.0,5.0,5176.3,2024-07
ORD-01383,2025-01-03,CUS-0317,Customer 317,37.0,Female,Jaipur,Rajasthan,North,HOM-203,Storage Organizer,Home & Living,699,3.0,0.2,79,Cash on Delivery,Email,Delivered,5.0,4.0,1756.6000000000001,2025-01
ORD-01384,2025-11-16,CUS-0257,Customer 257,33.0,Non-binary,Delhi,Delhi,North,BEA-401,Skin Care Kit,Beauty,1299,4.0,0.1,79,Debit Card,Referral,Delivered,5.0,4.0,4755.400000000001,2025-11
ORD-01385,2024-02-02,CUS-0446,Customer 446,40.0,Non-binary,Kolkata,West Bengal,East,ELE-102,Bluetooth Speaker,Electronics,1899,2.0,0.0,79,Debit Card,Email,Delivered,3.0,4.0,3877.0,2024-02
ORD-01386,2024-04-07,CUS-0321,Customer 321,36.0,Female,Delhi,Delhi,North,HOM-201,Cotton Bedsheet,Home & Living,1199,3.0,0.05,99,UPI,Social Media,Delivered,4.0,5.0,3516.1499999999996,2024-04
ORD-01387,2025-01-17,CUS-0197,Customer 197,39.0,Female,Kolkata,West Bengal,East,FAS-302,Running Shoes,Fashion,2599,1.0,0.0,49,Wallet,Social Media,Returned,,,2648.0,2025-01
ORD-01388,2024-05-26,CUS-0161,Customer 161,54.0,Non-binary,Mumbai,Maharashtra,West,FAS-301,Casual T-Shirt,Fashion,799,3.0,0.05,0,UPI,Direct,Delivered,3.0,4.0,2277.15,2024-05
ORD-01389,2024-06-09,CUS-0411,Customer 411,35.0,Non-binary,Jaipur,Rajasthan,North,FAS-302,Running Shoes,Fashion,2599,4.0,0.0,79,Wallet,Paid Search,Delivered,4.0,8.0,10475.0,2024-06
ORD-01390,2025-07-12,CUS-0167,Customer 167,34.0,Female,Pune,Maharashtra,West,FAS-302,Running Shoes,Fashion,2599,4.0,0.05,99,Cash on Delivery,Referral,Returned,,,9975.199999999999,2025-07
ORD-01391,2024-08-02,CUS-0407,Customer 407,28.0,Female,Bhubaneswar,Odisha,East,HOM-201,Cotton Bedsheet,Home & Living,1199,3.0,0.1,49,Credit Card,Direct,Delivered,5.0,8.0,3286.3,2024-08
ORD-01392,2024-12-24,CUS-0474,Customer 474,47.0,Female,Delhi,Delhi,North,FAS-302,Running Shoes,Fashion,2599,2.0,0.0,0,Wallet,Email,Cancelled,,,5198.0,2024-12
ORD-01393,2025-07-02,CUS-0165,Customer 165,33.0,Non-binary,Delhi,Delhi,North,FAS-303,Backpack,Fashion,1499,4.0,0.1,79,Cash on Delivery,Social Media,Delivered,3.0,3.0,5475.400000000001,2025-07
ORD-01394,2025-07-19,CUS-0169,Customer 169,59.0,Non-binary,Hyderabad,Telangana,South,ELE-102,Bluetooth Speaker,Electronics,1899,4.0,0.1,99,Cash on Delivery,Organic Search,Delivered,4.0,6.0,6935.400000000001,2025-07
ORD-01395,2025-02-21,CUS-0037,Customer 37,31.0,Non-binary,Bhubaneswar,Odisha,East,ELE-103,Smart Watch,Electronics,4299,3.0,0.0,49,Wallet,Paid Search,Delivered,5.0,5.0,12946.0,2025-02
ORD-01396,2025-09-08,CUS-0311,Customer 311,25.0,Male,Bengaluru,Karnataka,South,BEA-402,Hair Dryer,Beauty,1799,1.0,0.0,0,Debit Card,Direct,Delivered,5.0,1.0,1799.0,2025-09
ORD-01397,2025-01-11,CUS-0310,Customer 310,47.0,Non-binary,Kolkata,West Bengal,East,FAS-302,Running Shoes,Fashion,2599,2.0,0.05,0,Wallet,Paid Search,Cancelled,,,4938.099999999999,2025-01
ORD-01398,2025-11-01,CUS-0363,Customer 363,19.0,Male,Chennai,Tamil Nadu,South,ELE-103,Smart Watch,Electronics,4299,4.0,0.0,0,Wallet,Direct,Cancelled,,,17196.0,2025-11
ORD-01399,2024-09-13,CUS-0442,Customer 442,21.0,Female,Jaipur,Rajasthan,North,FAS-301,Casual T-Shirt,Fashion,799,2.0,0.0,49,Cash on Delivery,Referral,Delivered,3.0,4.0,1647.0,2024-09
ORD-01400,2025-06-26,CUS-0326,Customer 326,65.0,Non-binary,Bengaluru,Karnataka,South,FAS-303,Backpack,Fashion,1499,2.0,0.1,99,Debit Card,Direct,Delivered,3.0,8.0,2797.2000000000003,2025-06
ORD-01401,2025-06-29,CUS-0401,Customer 401,53.0,Male,Kolkata,West Bengal,East,ELE-102,Bluetooth Speaker,Electronics,1899,1.0,0.0,99,UPI,Email,Returned,,,1998.0,2025-06
ORD-01402,2025-06-06,CUS-0174,Customer 174,60.0,Non-binary,Bhubaneswar,Odisha,East,FAS-303,Backpack,Fashion,1499,1.0,0.15,99,Credit Card,Organic Search,Delivered,3.0,1.0,1373.1499999999999,2025-06
ORD-01403,2025-02-04,CUS-0308,Customer 308,29.0,Female,Pune,Maharashtra,West,FAS-301,Casual T-Shirt,Fashion,799,3.0,0.15,0,Cash on Delivery,Social Media,Delivered,4.0,3.0,2037.45,2025-02
ORD-01404,2025-10-02,CUS-0106,Customer 106,61.0,Non-binary,Bengaluru,Karnataka,South,GRO-501,Coffee Beans,Grocery,549,1.0,0.15,0,Cash on Delivery,Referral,Delivered,5.0,5.0,466.65,2025-10
ORD-01405,2024-07-14,CUS-0153,Customer 153,19.0,Male,Delhi,Delhi,North,GRO-501,Coffee Beans,Grocery,549,3.0,0.0,0,Debit Card,Paid Search,Delivered,5.0,2.0,1647.0,2024-07
ORD-01406,2025-07-20,CUS-0174,Customer 174,47.0,Female,Jaipur,Rajasthan,North,BEA-401,Skin Care Kit,Beauty,1299,3.0,0.0,49,Credit Card,Paid Search,Delivered,4.0,6.0,3946.0,2025-07
ORD-01407,2025-03-05,CUS-0192,Customer 192,23.0,Male,Mumbai,Maharashtra,West,GRO-501,Coffee Beans,Grocery,549,1.0,0.0,0,Credit Card,Paid Search,Cancelled,,,549.0,2025-03
ORD-01408,2024-12-28,CUS-0470,Customer 470,65.0,Male,Kolkata,West Bengal,East,HOM-202,LED Desk Lamp,Home & Living,999,3.0,0.0,0,Wallet,Referral,Delivered,3.0,5.0,2997.0,2024-12
ORD-01409,2024-05-21,CUS-0090,Customer 90,62.0,Female,Jaipur,Rajasthan,North,FAS-302,Running Shoes,Fashion,2599,2.0,0.0,99,UPI,Organic Search,Returned,,,5297.0,2024-05
ORD-01410,2024-05-14,CUS-0075,Customer 75,41.0,Female,Chennai,Tamil Nadu,South,ELE-102,Bluetooth Speaker,Electronics,1899,1.0,0.2,49,Wallet,Social Media,Delivered,4.0,4.0,1568.2,2024-05
ORD-01411,2024-08-08,CUS-0341,Customer 341,29.0,Non-binary,Pune,Maharashtra,West,HOM-202,LED Desk Lamp,Home & Living,999,3.0,0.15,99,Credit Card,Paid Search,Delivered,4.0,7.0,2646.45,2024-08
ORD-01412,2025-12-07,CUS-0447,Customer 447,65.0,Non-binary,Bhubaneswar,Odisha,East,FAS-303,Backpack,Fashion,1499,4.0,0.1,79,Cash on Delivery,Social Media,Delivered,3.0,8.0,5475.400000000001,2025-12
ORD-01413,2024-07-06,CUS-0386,Customer 386,20.0,Non-binary,Mumbai,Maharashtra,West,FAS-303,Backpack,Fashion,1499,3.0,0.15,0,UPI,Paid Search,Returned,,,3822.45,2024-07
ORD-01414,2025-01-28,CUS-0269,Customer 269,42.0,Non-binary,Delhi,Delhi,North,HOM-202,LED Desk Lamp,Home & Living,999,3.0,0.2,0,Debit Card,Direct,Delivered,5.0,6.0,2397.6,2025-01
ORD-01415,2025-11-23,CUS-0082,Customer 82,61.0,Non-binary,Bhubaneswar,Odisha,East,BEA-401,Skin Care Kit,Beauty,1299,3.0,0.0,0,UPI,Email,Cancelled,,,3897.0,2025-11
ORD-01416,2025-11-11,CUS-0084,Customer 84,26.0,Male,Bengaluru,Karnataka,South,GRO-501,Coffee Beans,Grocery,549,2.0,0.05,79,Cash on Delivery,Social Media,Delivered,4.0,6.0,1122.1,2025-11
ORD-01417,2025-05-15,CUS-0068,Customer 68,34.0,Female,Chennai,Tamil Nadu,South,HOM-202,LED Desk Lamp,Home & Living,999,2.0,0.0,79,Debit Card,Paid Search,Delivered,5.0,8.0,2077.0,2025-05
ORD-01418,2024-11-28,CUS-0006,Customer 6,54.0,Non-binary,Delhi,Delhi,North,BEA-401,Skin Care Kit,Beauty,1299,3.0,0.0,79,Debit Card,Social Media,Delivered,5.0,1.0,3976.0,2024-11
ORD-01419,2025-06-19,CUS-0517,Customer 517,24.0,Male,Kolkata,West Bengal,East,BEA-401,Skin Care Kit,Beauty,1299,2.0,0.05,79,Wallet,Paid Search,Delivered,4.0,8.0,2547.1,2025-06
ORD-01420,2025-06-12,CUS-0172,Customer 172,39.0,Male,Pune,Maharashtra,West,FAS-302,Running Shoes,Fashion,2599,3.0,0.1,0,Credit Card,Organic Search,Delivered,5.0,8.0,7017.3,2025-06
ORD-01421,2025-08-25,CUS-0027,Customer 27,26.0,Male,Hyderabad,Telangana,South,BEA-401,Skin Care Kit,Beauty,1299,4.0,0.2,0,Debit Card,Paid Search,Delivered,5.0,3.0,4156.8,2025-08
ORD-01422,2024-04-02,CUS-0450,Customer 450,57.0,Female,Mumbai,Maharashtra,West,HOM-201,Cotton Bedsheet,Home & Living,1199,1.0,0.1,99,Credit Card,Organic Search,Delivered,3.0,1.0,1178.1000000000001,2024-04
ORD-01423,2025-01-14,CUS-0287,Customer 287,18.0,Non-binary,Pune,Maharashtra,West,GRO-501,Coffee Beans,Grocery,549,2.0,0.1,99,UPI,Social Media,Delivered,3.0,5.0,1087.2,2025-01
ORD-01424,2024-12-05,CUS-0099,Customer 99,37.0,Male,Pune,Maharashtra,West,HOM-202,LED Desk Lamp,Home & Living,999,2.0,0.0,0,Credit Card,Email,Delivered,4.0,1.0,1998.0,2024-12
ORD-01425,2025-08-06,CUS-0131,Customer 131,65.0,Female,Mumbai,Maharashtra,West,ELE-102,Bluetooth Speaker,Electronics,1899,1.0,0.15,0,Credit Card,Email,Cancelled,,,1614.1499999999999,2025-08
ORD-01426,2024-03-25,CUS-0209,Customer 209,54.0,Non-binary,Jaipur,Rajasthan,North,HOM-202,LED Desk Lamp,Home & Living,999,4.0,0.05,0,Cash on Delivery,Email,Delivered,3.0,6.0,3796.2,2024-03
ORD-01427,2025-01-14,CUS-0349,Customer 349,53.0,Female,Kolkata,West Bengal,East,ELE-101,Wireless Headphones,Electronics,2499,2.0,0.15,49,Wallet,Social Media,Returned,,,4297.3,2025-01
ORD-01428,2024-11-18,CUS-0065,Customer 65,45.0,Male,Hyderabad,Telangana,South,FAS-301,Casual T-Shirt,Fashion,799,1.0,0.2,49,Debit Card,Email,Delivered,5.0,1.0,688.2,2024-11
ORD-01429,2024-08-21,CUS-0170,Customer 170,50.0,Non-binary,Pune,Maharashtra,West,FAS-303,Backpack,Fashion,1499,4.0,0.15,0,Credit Card,Direct,Returned,,,5096.599999999999,2024-08
ORD-01430,2024-07-23,CUS-0431,Customer 431,25.0,Male,Hyderabad,Telangana,South,BEA-401,Skin Care Kit,Beauty,1299,4.0,0.15,49,Cash on Delivery,Direct,Returned,,,4465.599999999999,2024-07
ORD-01431,2024-09-20,CUS-0218,Customer 218,57.0,Non-binary,Kolkata,West Bengal,East,ELE-102,Bluetooth Speaker,Electronics,1899,1.0,0.15,0,Wallet,Email,Delivered,5.0,1.0,1614.1499999999999,2024-09
ORD-01432,2024-01-30,CUS-0443,Customer 443,48.0,Male,Jaipur,Rajasthan,North,FAS-303,Backpack,Fashion,1499,4.0,0.0,0,Cash on Delivery,Social Media,Delivered,5.0,3.0,5996.0,2024-01
ORD-01433,2024-07-11,CUS-0078,Customer 78,51.0,Non-binary,Bhubaneswar,Odisha,East,FAS-303,Backpack,Fashion,1499,1.0,0.15,0,UPI,Organic Search,Delivered,4.0,2.0,1274.1499999999999,2024-07
ORD-01434,2024-02-22,CUS-0132,Customer 132,23.0,Female,Bengaluru,Karnataka,South,FAS-302,Running Shoes,Fashion,2599,3.0,0.1,99,Wallet,Direct,Returned,,,7116.3,2024-02
ORD-01435,2024-06-01,CUS-0340,Customer 340,64.0,Male,Delhi,Delhi,North,GRO-501,Coffee Beans,Grocery,549,1.0,0.2,79,Debit Card,Paid Search,Delivered,5.0,6.0,518.2,2024-06
ORD-01436,2025-03-07,CUS-0232,Customer 232,45.0,Male,Pune,Maharashtra,West,HOM-202,LED Desk Lamp,Home & Living,999,3.0,0.2,49,Cash on Delivery,Organic Search,Delivered,4.0,8.0,2446.6,2025-03
ORD-01437,2025-07-31,CUS-0067,Customer 67,62.0,Female,Pune,Maharashtra,West,ELE-103,Smart Watch,Electronics,4299,2.0,0.1,79,Cash on Delivery,Email,Delivered,4.0,5.0,7817.2,2025-07
ORD-01438,2025-11-13,CUS-0190,Customer 190,63.0,Female,Mumbai,Maharashtra,West,FAS-303,Backpack,Fashion,1499,2.0,0.2,0,Credit Card,Direct,Delivered,4.0,4.0,2398.4,2025-11
ORD-01439,2024-07-08,CUS-0279,Customer 279,56.0,Non-binary,Bhubaneswar,Odisha,East,FAS-301,Casual T-Shirt,Fashion,799,1.0,0.1,0,Wallet,Direct,Returned,,,719.1,2024-07
ORD-01440,2024-07-16,CUS-0151,Customer 151,36.0,Male,Chennai,Tamil Nadu,South,HOM-201,Cotton Bedsheet,Home & Living,1199,1.0,0.0,79,UPI,Referral,Delivered,4.0,8.0,1278.0,2024-07
ORD-01441,2025-08-18,CUS-0482,Customer 482,62.0,Non-binary,Jaipur,Rajasthan,North,HOM-203,Storage Organizer,Home & Living,699,1.0,0.0,99,UPI,Referral,Delivered,3.0,4.0,798.0,2025-08
ORD-01442,2025-12-15,CUS-0152,Customer 152,53.0,Female,Kolkata,West Bengal,East,HOM-203,Storage Organizer,Home & Living,699,1.0,0.05,0,Credit Card,Organic Search,Delivered,5.0,6.0,664.05,2025-12
ORD-01443,2024-12-24,CUS-0440,Customer 440,23.0,Female,Bengaluru,Karnataka,South,GRO-501,Coffee Beans,Grocery,549,1.0,0.15,49,Debit Card,Social Media,Delivered,4.0,8.0,515.65,2024-12
ORD-01444,2025-02-08,CUS-0284,Customer 284,64.0,Non-binary,Jaipur,Rajasthan,North,GRO-501,Coffee Beans,Grocery,549,2.0,0.2,0,UPI,Email,Cancelled,,,878.4000000000001,2025-02
ORD-01445,2024-01-14,CUS-0255,Customer 255,45.0,Male,Bhubaneswar,Odisha,East,HOM-201,Cotton Bedsheet,Home & Living,1199,3.0,0.0,99,Credit Card,Email,Delivered,5.0,4.0,3696.0,2024-01
ORD-01446,2025-01-22,CUS-0468,Customer 468,58.0,Non-binary,Mumbai,Maharashtra,West,ELE-102,Bluetooth Speaker,Electronics,1899,1.0,0.1,79,Credit Card,Referral,Delivered,4.0,7.0,1788.1000000000001,2025-01
ORD-01447,2024-04-03,CUS-0062,Customer 62,21.0,Female,Mumbai,Maharashtra,West,BEA-402,Hair Dryer,Beauty,1799,2.0,0.0,99,Wallet,Email,Delivered,3.0,4.0,3697.0,2024-04
ORD-01448,2025-08-15,CUS-0349,Customer 349,48.0,Female,Bhubaneswar,Odisha,East,ELE-102,Bluetooth Speaker,Electronics,1899,2.0,0.0,0,UPI,Referral,Cancelled,,,3798.0,2025-08
ORD-01449,2024-10-07,CUS-0113,Customer 113,39.0,Female,Pune,Maharashtra,West,HOM-201,Cotton Bedsheet,Home & Living,1199,3.0,0.0,0,Cash on Delivery,Email,Delivered,5.0,7.0,3597.0,2024-10
ORD-01450,2025-02-26,CUS-0183,Customer 183,32.0,Male,Bhubaneswar,Odisha,East,HOM-203,Storage Organizer,Home & Living,699,4.0,0.05,49,Cash on Delivery,Organic Search,Delivered,4.0,8.0,2705.2,2025-02
ORD-01451,2024-07-15,CUS-0036,Customer 36,27.0,Female,Jaipur,Rajasthan,North,ELE-102,Bluetooth Speaker,Electronics,1899,2.0,0.05,0,Debit Card,Organic Search,Cancelled,,,3608.1,2024-07
ORD-01452,2024-12-09,CUS-0348,Customer 348,31.0,Female,Bhubaneswar,Odisha,East,BEA-402,Hair Dryer,Beauty,1799,1.0,0.05,49,UPI,Social Media,Returned,,,1758.05,2024-12
ORD-01453,2025-05-16,CUS-0388,Customer 388,24.0,Male,Jaipur,Rajasthan,North,FAS-301,Casual T-Shirt,Fashion,799,4.0,0.05,99,Wallet,Direct,Returned,,,3135.2,2025-05
ORD-01454,2024-06-19,CUS-0076,Customer 76,35.0,Male,Chennai,Tamil Nadu,South,HOM-201,Cotton Bedsheet,Home & Living,1199,1.0,0.15,0,Cash on Delivery,Referral,Cancelled,,,1019.15,2024-06
ORD-01455,2024-08-19,CUS-0492,Customer 492,18.0,Male,Kolkata,West Bengal,East,BEA-402,Hair Dryer,Beauty,1799,2.0,0.05,79,Debit Card,Referral,Delivered,3.0,2.0,3497.1,2024-08
ORD-01456,2025-04-15,CUS-0331,Customer 331,62.0,Female,Hyderabad,Telangana,South,ELE-103,Smart Watch,Electronics,4299,3.0,0.05,49,Credit Card,Direct,Delivered,3.0,4.0,12301.15,2025-04
ORD-01457,2025-10-24,CUS-0159,Customer 159,45.0,Female,Bhubaneswar,Odisha,East,ELE-101,Wireless Headphones,Electronics,2499,2.0,0.05,0,Credit Card,Direct,Delivered,5.0,5.0,4748.099999999999,2025-10
ORD-01458,2025-12-10,CUS-0214,Customer 214,36.0,Non-binary,Bhubaneswar,Odisha,East,FAS-302,Running Shoes,Fashion,2599,1.0,0.0,49,Wallet,Social Media,Returned,,,2648.0,2025-12
ORD-01459,2024-12-01,CUS-0301,Customer 301,26.0,Male,Hyderabad,Telangana,South,BEA-401,Skin Care Kit,Beauty,1299,3.0,0.2,0,Credit Card,Social Media,Cancelled,,,3117.6000000000004,2024-12
ORD-01460,2025-07-12,CUS-0071,Customer 71,44.0,Non-binary,Kolkata,West Bengal,East,BEA-401,Skin Care Kit,Beauty,1299,1.0,0.1,99,Cash on Delivery,Referral,Delivered,4.0,6.0,1268.1000000000001,2025-07
ORD-01461,2025-10-15,CUS-0039,Customer 39,25.0,Non-binary,Kolkata,West Bengal,East,HOM-203,Storage Organizer,Home & Living,699,2.0,0.05,79,Debit Card,Organic Search,Delivered,5.0,6.0,1407.1,2025-10
ORD-01462,2025-09-05,CUS-0316,Customer 316,44.0,Male,Bengaluru,Karnataka,South,HOM-203,Storage Organizer,Home & Living,699,3.0,0.15,99,Credit Card,Social Media,Delivered,3.0,8.0,1881.45,2025-09
ORD-01463,2025-06-30,CUS-0200,Customer 200,33.0,Male,Chennai,Tamil Nadu,South,FAS-301,Casual T-Shirt,Fashion,799,3.0,0.2,0,UPI,Paid Search,Cancelled,,,1917.6000000000001,2025-06
ORD-01464,2025-11-07,CUS-0280,Customer 280,30.0,Non-binary,Kolkata,West Bengal,East,FAS-301,Casual T-Shirt,Fashion,799,4.0,0.15,99,UPI,Social Media,Delivered,5.0,5.0,2815.6,2025-11
ORD-01465,2025-01-24,CUS-0292,Customer 292,36.0,Female,Jaipur,Rajasthan,North,FAS-301,Casual T-Shirt,Fashion,799,3.0,0.1,79,Wallet,Social Media,Delivered,4.0,8.0,2236.3,2025-01
ORD-01466,2025-04-18,CUS-0006,Customer 6,48.0,Non-binary,Bengaluru,Karnataka,South,ELE-102,Bluetooth Speaker,Electronics,1899,2.0,0.2,79,UPI,Social Media,Delivered,4.0,5.0,3117.4,2025-04
ORD-01467,2025-10-22,CUS-0066,Customer 66,27.0,Female,Hyderabad,Telangana,South,BEA-401,Skin Care Kit,Beauty,1299,3.0,0.0,99,Wallet,Organic Search,Returned,,,3996.0,2025-10
ORD-01468,2025-06-07,CUS-0166,Customer 166,28.0,Female,Delhi,Delhi,North,FAS-303,Backpack,Fashion,1499,4.0,0.0,0,Cash on Delivery,Organic Search,Cancelled,,,5996.0,2025-06
ORD-01469,2025-01-10,CUS-0285,Customer 285,28.0,Male,Delhi,Delhi,North,HOM-203,Storage Organizer,Home & Living,699,1.0,0.15,49,UPI,Social Media,Returned,,,643.15,2025-01
ORD-01470,2024-06-12,CUS-0197,Customer 197,27.0,Non-binary,Chennai,Tamil Nadu,South,BEA-401,Skin Care Kit,Beauty,1299,3.0,0.2,0,UPI,Paid Search,Delivered,4.0,1.0,3117.6000000000004,2024-06
ORD-01471,2024-12-11,CUS-0410,Customer 410,21.0,Male,Mumbai,Maharashtra,West,BEA-402,Hair Dryer,Beauty,1799,1.0,0.2,49,Debit Card,Direct,Delivered,3.0,7.0,1488.2,2024-12
ORD-01472,2024-02-07,CUS-0352,Customer 352,43.0,Female,Delhi,Delhi,North,BEA-401,Skin Care Kit,Beauty,1299,1.0,0.05,49,Debit Card,Social Media,Delivered,4.0,5.0,1283.05,2024-02
ORD-01473,2024-05-20,CUS-0116,Customer 116,38.0,Male,Hyderabad,Telangana,South,HOM-201,Cotton Bedsheet,Home & Living,1199,4.0,0.1,49,Debit Card,Social Media,Delivered,3.0,7.0,4365.400000000001,2024-05
ORD-01474,2024-10-31,CUS-0350,Customer 350,34.0,Female,Bhubaneswar,Odisha,East,ELE-102,Bluetooth Speaker,Electronics,1899,1.0,0.1,99,Credit Card,Social Media,Delivered,3.0,4.0,1808.1000000000001,2024-10
ORD-01475,2025-08-11,CUS-0316,Customer 316,24.0,Female,Chennai,Tamil Nadu,South,HOM-202,LED Desk Lamp,Home & Living,999,4.0,0.1,0,Debit Card,Organic Search,Cancelled,,,3596.4,2025-08
ORD-01476,2024-06-17,CUS-0127,Customer 127,33.0,Male,Chennai,Tamil Nadu,South,ELE-101,Wireless Headphones,Electronics,2499,3.0,0.15,0,Cash on Delivery,Paid Search,Cancelled,,,6372.45,2024-06
ORD-01477,2024-08-27,CUS-0150,Customer 150,57.0,Female,Hyderabad,Telangana,South,HOM-201,Cotton Bedsheet,Home & Living,1199,4.0,0.0,0,Cash on Delivery,Direct,Returned,,,4796.0,2024-08
ORD-01478,2025-06-23,CUS-0339,Customer 339,28.0,Non-binary,Hyderabad,Telangana,South,ELE-102,Bluetooth Speaker,Electronics,1899,4.0,0.0,49,Debit Card,Social Media,Returned,,,7645.0,2025-06
ORD-01479,2025-11-18,CUS-0261,Customer 261,25.0,Male,Delhi,Delhi,North,FAS-303,Backpack,Fashion,1499,3.0,0.05,99,Wallet,Referral,Delivered,4.0,2.0,4371.15,2025-11
ORD-01480,2024-04-12,CUS-0207,Customer 207,53.0,Non-binary,Chennai,Tamil Nadu,South,FAS-301,Casual T-Shirt,Fashion,799,1.0,0.2,0,Credit Card,Direct,Cancelled,,,639.2,2024-04
ORD-01481,2024-01-06,CUS-0284,Customer 284,65.0,Non-binary,Mumbai,Maharashtra,West,BEA-402,Hair Dryer,Beauty,1799,3.0,0.05,49,Credit Card,Referral,Delivered,3.0,1.0,5176.15,2024-01
ORD-01482,2024-03-25,CUS-0204,Customer 204,34.0,Female,Jaipur,Rajasthan,North,BEA-401,Skin Care Kit,Beauty,1299,1.0,0.15,99,Debit Card,Direct,Returned,,,1203.1499999999999,2024-03
ORD-01483,2024-06-23,CUS-0431,Customer 431,40.0,Female,Delhi,Delhi,North,FAS-303,Backpack,Fashion,1499,2.0,0.05,99,Debit Card,Email,Delivered,5.0,7.0,2947.1,2024-06
ORD-01484,2025-12-22,CUS-0469,Customer 469,25.0,Non-binary,Jaipur,Rajasthan,North,BEA-402,Hair Dryer,Beauty,1799,4.0,0.15,99,Credit Card,Paid Search,Delivered,3.0,4.0,6215.599999999999,2025-12
ORD-01485,2024-03-17,CUS-0359,Customer 359,34.0,Male,Mumbai,Maharashtra,West,HOM-203,Storage Organizer,Home & Living,699,2.0,0.15,99,UPI,Referral,Delivered,3.0,5.0,1287.3,2024-03
ORD-01486,2024-03-04,CUS-0458,Customer 458,30.0,Male,Jaipur,Rajasthan,North,ELE-102,Bluetooth Speaker,Electronics,1899,2.0,0.2,99,Cash on Delivery,Paid Search,Delivered,3.0,1.0,3137.4,2024-03
ORD-01487,2025-09-02,CUS-0174,Customer 174,24.0,Male,Jaipur,Rajasthan,North,BEA-402,Hair Dryer,Beauty,1799,1.0,0.2,0,Cash on Delivery,Paid Search,Delivered,5.0,3.0,1439.2,2025-09
ORD-01488,2025-08-03,CUS-0411,Customer 411,19.0,Non-binary,Bengaluru,Karnataka,South,FAS-303,Backpack,Fashion,1499,4.0,0.15,99,Credit Card,Social Media,Delivered,5.0,6.0,5195.599999999999,2025-08
ORD-01489,2025-10-28,CUS-0240,Customer 240,61.0,Non-binary,Chennai,Tamil Nadu,South,BEA-402,Hair Dryer,Beauty,1799,4.0,0.0,49,Cash on Delivery,Referral,Delivered,4.0,4.0,7245.0,2025-10
ORD-01490,2024-12-22,CUS-0010,Customer 10,46.0,Female,Hyderabad,Telangana,South,FAS-303,Backpack,Fashion,1499,4.0,0.2,79,Debit Card,Email,Delivered,3.0,6.0,4875.8,2024-12
ORD-01491,2024-02-19,CUS-0237,Customer 237,43.0,Male,Mumbai,Maharashtra,West,FAS-301,Casual T-Shirt,Fashion,799,3.0,0.05,79,Credit Card,Paid Search,Delivered,5.0,1.0,2356.15,2024-02
ORD-01492,2024-05-07,CUS-0349,Customer 349,47.0,Female,Hyderabad,Telangana,South,HOM-201,Cotton Bedsheet,Home & Living,1199,2.0,0.0,49,Cash on Delivery,Direct,Delivered,3.0,7.0,2447.0,2024-05
ORD-01493,2024-02-21,CUS-0259,Customer 259,57.0,Male,Chennai,Tamil Nadu,South,ELE-102,Bluetooth Speaker,Electronics,1899,4.0,0.15,0,Debit Card,Paid Search,Delivered,3.0,6.0,6456.599999999999,2024-02
ORD-01494,2024-03-31,CUS-0368,Customer 368,20.0,Male,Delhi,Delhi,North,ELE-102,Bluetooth Speaker,Electronics,1899,2.0,0.15,0,Cash on Delivery,Direct,Delivered,3.0,8.0,3228.2999999999997,2024-03
ORD-01495,2024-08-17,CUS-0260,Customer 260,39.0,Male,Jaipur,Rajasthan,North,BEA-401,Skin Care Kit,Beauty,1299,3.0,0.1,0,Cash on Delivery,Organic Search,Delivered,5.0,6.0,3507.3,2024-08
ORD-01496,2025-10-18,CUS-0300,Customer 300,56.0,Female,Hyderabad,Telangana,South,HOM-201,Cotton Bedsheet,Home & Living,1199,4.0,0.05,0,UPI,Social Media,Cancelled,,,4556.2,2025-10
ORD-01497,2024-09-08,CUS-0010,Customer 10,28.0,Male,Jaipur,Rajasthan,North,BEA-402,Hair Dryer,Beauty,1799,4.0,0.2,49,Debit Card,Paid Search,Delivered,4.0,8.0,5805.8,2024-09
ORD-01498,2025-07-07,CUS-0510,Customer 510,31.0,Female,Kolkata,West Bengal,East,BEA-401,Skin Care Kit,Beauty,1299,4.0,0.0,0,UPI,Paid Search,Delivered,3.0,6.0,5196.0,2025-07
ORD-01499,2025-03-22,CUS-0157,Customer 157,24.0,Male,Delhi,Delhi,North,HOM-202,LED Desk Lamp,Home & Living,999,2.0,0.05,0,Credit Card,Paid Search,Cancelled,,,1898.1,2025-03
ORD-01500,2025-10-27,CUS-0039,Customer 39,62.0,Female,Bhubaneswar,Odisha,East,BEA-402,Hair Dryer,Beauty,1799,2.0,0.0,0,UPI,Email,Delivered,4.0,6.0,3598.0,2025-10
